"geoid","temp","rh","wbt"
"01001",27.6,75.8,75.6
"01003",27.7,82.9,77.6
"01005",28.4,72.6,76.1
"01007",27.2,76.7,75.1
"01009",25.8,77,72.8
"01011",28.1,72.4,75.5
"01013",27.7,76.7,76
"01015",26.8,74.4,73.9
"01017",27.3,73.9,74.6
"01019",26.4,73.3,72.9
"01021",27.1,74.4,74.4
"01023",27.1,81.1,76.1
"01025",27.4,80.1,76.4
"01027",26.4,74.2,73.1
"01029",26.2,74.7,72.9
"01031",28,75,76.1
"01033",25.8,77.1,72.8
"01035",27.5,77.8,75.9
"01037",27.2,73.9,74.4
"01039",27.9,78.5,76.8
"01041",27.8,75.5,75.8
"01043",26.3,77.9,73.9
"01045",28,75.7,76.2
"01047",28,74.8,76
"01049",24.6,75.4,70.4
"01051",27.8,74,75.5
"01053",27.6,80.8,76.9
"01055",25.8,76.8,72.8
"01057",26.4,78.1,74.1
"01059",26.4,77.9,74.1
"01061",28.3,77.6,77.3
"01063",27,80.3,75.7
"01065",27.2,79.3,75.8
"01067",28.4,72.6,76.1
"01069",28.1,77.7,76.9
"01071",24.9,77.1,71.3
"01073",26.2,75.3,73.1
"01075",26.8,79.3,75.1
"01077",25.8,76.8,72.8
"01079",26.5,75.9,73.7
"01081",28.2,71.8,75.5
"01083",26.5,75.7,73.7
"01085",27.8,74.6,75.6
"01087",28.3,71.1,75.5
"01089",25.7,77.2,72.7
"01091",27.3,79.2,76
"01093",26.3,78.5,74.1
"01095",25.7,77.6,72.8
"01097",27.6,80.4,76.8
"01099",28,76.1,76.4
"01101",27.9,73.8,75.6
"01103",26.4,76.4,73.7
"01105",27.7,76.9,76
"01107",27,80.2,75.7
"01109",27.9,75.5,76
"01111",27.3,73.9,74.6
"01113",28.4,71.7,75.9
"01115",26.8,74.5,73.9
"01117",26.9,75.3,74.3
"01119",27.2,79.6,75.9
"01121",26.9,73.9,73.9
"01123",27.3,73.9,74.6
"01125",27,77.9,75.1
"01127",26.4,77.7,74
"01129",27.2,81.9,76.5
"01131",28.1,74.6,76.1
"01133",26.4,76.8,73.8
"02013",9.5,93.8,47.9
"02016",8.6,94.8,46.4
"02020",8.7,73.3,42.9
"02050",7.9,94.9,45.2
"02060",12,90.2,51.6
"02063",11.6,91.3,51.1
"02066",13.7,75.7,51.8
"02068",17.5,65.4,56.1
"02070",10.4,84.3,47.7
"02090",17.7,67.4,56.9
"02100",9.6,76.6,45
"02105",7,81.1,41.3
"02110",14.3,85.7,54.8
"02122",6.8,80.6,40.8
"02130",13.5,79.8,52.3
"02150",13.3,90.8,54.1
"02158",9.5,93.3,47.8
"02164",13.3,86.3,53.2
"02170",8.6,86.5,45
"02180",8.7,87.5,45.3
"02185",3.6,95.8,37.6
"02188",10.9,86.1,48.9
"02195",5.6,81.3,38.9
"02198",14.7,87.4,55.9
"02220",12.2,79.9,50.1
"02230",9.1,74.4,43.8
"02240",15.9,63.3,53.1
"02275",14.3,87.2,55.1
"02282",2.9,79,33.9
"02290",9.4,81.1,45.4
"04001",29.6,25.6,62.7
"04003",26.8,44.7,65.6
"04005",28.8,28.7,62.9
"04007",25,48.9,64.1
"04009",29.5,37.5,67.2
"04011",24.8,46.1,63
"04012",34.1,29.9,70.6
"04013",34.6,32.3,72.3
"04015",28.4,30.7,63.2
"04017",26.1,30.7,60
"04019",31.1,39.8,70.3
"04021",34.3,35.6,73.3
"04023",24.4,58,65.6
"04025",26.6,40,63.8
"04027",36.3,29.8,73.5
"05001",27.7,76,75.8
"05003",28.2,77.5,77.1
"05005",26.2,73,72.5
"05007",26,72.8,72.1
"05009",24.8,75.1,70.6
"05011",27.6,77.7,76.1
"05013",27.6,77.7,76.1
"05015",24.8,75.1,70.6
"05017",28.2,77.5,77.1
"05019",27.3,76.3,75.2
"05021",27.4,74.1,74.8
"05023",26.9,74.6,74.1
"05025",27.6,77,75.9
"05027",27.6,75.4,75.5
"05029",27,73.9,74.1
"05031",27.7,75.3,75.6
"05033",27.3,73.6,74.5
"05035",27.6,76.5,75.8
"05037",27.6,75.8,75.6
"05039",27.4,77.8,75.8
"05041",28,77.6,76.7
"05043",28,75.7,76.2
"05045",27,73.9,74.1
"05047",27.2,74.4,74.5
"05049",26.7,74.6,73.7
"05051",26.9,75,74.2
"05053",27.4,77.8,75.8
"05055",27.6,73,74.8
"05057",27.4,75.9,75.3
"05059",27.3,76.3,75.2
"05061",27.4,76.5,75.4
"05063",26.9,74.3,74
"05065",26.2,73.7,72.7
"05067",27.7,75.6,75.7
"05069",27.5,77.5,75.9
"05071",24.9,76.3,71.1
"05073",27.9,76,76.2
"05075",27.3,74.7,74.8
"05077",27.8,74.9,75.7
"05079",27.6,77,75.9
"05081",27.5,75.8,75.4
"05083",27.1,74.3,74.3
"05085",27.7,76.2,75.9
"05087",24.9,75.7,71
"05089",26.1,73.9,72.5
"05091",27.9,75.9,76.1
"05093",27.5,75.6,75.4
"05095",27.7,76.2,75.9
"05097",26.3,75.5,73.3
"05099",27.6,75.4,75.5
"05101",24.8,74.7,70.5
"05103",27.5,78.6,76.1
"05105",26.9,74.3,74
"05107",27.8,75.6,75.9
"05109",26.4,75.3,73.4
"05111",27.7,75.6,75.7
"05113",25.7,75.8,72.3
"05115",27,74,74.1
"05117",27.7,76.3,75.9
"05119",27.6,74.1,75.1
"05121",27.4,74.1,74.8
"05123",27.7,75.8,75.8
"05125",26.9,74.9,74.2
"05127",26.4,74.8,73.3
"05129",24.9,74.8,70.7
"05131",27.3,73.6,74.5
"05133",27.1,75.1,74.6
"05135",26.7,74.6,73.7
"05137",26.4,72.9,72.8
"05139",27.6,78,76.2
"05141",26.8,74.6,73.9
"05143",25.9,72.8,71.9
"05145",27.6,73.9,75.1
"05147",27.7,75.9,75.8
"05149",27,74,74.1
"06001",22,49.9,59.7
"06003",22.3,30,54.6
"06005",26.8,23.6,58.2
"06007",27.3,27.7,60.5
"06009",21.9,30.4,54.2
"06011",29.9,23.8,62.3
"06013",20,59.4,58.9
"06015",12.7,95.5,53.9
"06017",28.5,26.1,61.5
"06019",27.9,17.9,57.1
"06021",23.5,25.3,54.6
"06023",21.7,48.1,58.8
"06025",36.7,27.9,73.1
"06027",31.5,18.7,61.8
"06029",34.7,14.7,63.1
"06031",34.6,14.9,63.2
"06033",24.5,39.1,60.5
"06035",21.9,33.1,55
"06037",27.8,24.6,59.9
"06039",29.1,23.8,61.3
"06041",16.5,76.6,56.8
"06043",29.1,23.8,61.3
"06045",23.4,42.4,59.8
"06047",32,19.7,62.9
"06049",23.4,38.8,58.8
"06051",20.5,33,53
"06053",14,93.3,55.8
"06055",27.8,25,60.1
"06057",24.7,27.2,56.9
"06059",23.4,59.2,64.3
"06061",20.7,34,53.6
"06063",22.1,32.9,55.2
"06065",26.7,36.5,62.8
"06067",28.5,29.9,63
"06069",26.5,25.8,58.7
"06071",32.7,17.9,62.8
"06073",25.2,38.8,61.4
"06075",13.4,93.9,54.8
"06077",28,31.5,62.9
"06079",25.7,35.6,61.1
"06081",19,62.3,57.9
"06083",24.6,25.8,56.2
"06085",25.9,29.2,59.2
"06087",22.4,51.7,60.8
"06089",24.5,35.3,59.3
"06091",19.1,33.2,51.1
"06093",19.9,54.9,57.7
"06095",27.2,33.9,62.7
"06097",13,94.7,54.3
"06099",29.9,25.1,62.9
"06101",29.6,25,62.4
"06103",31.1,18.4,61.1
"06105",23.1,37.9,58.1
"06107",16.9,36.3,48.8
"06109",19.3,31.9,51
"06111",24.4,46.7,62.6
"06113",27.7,30.9,62.3
"06115",30.6,21.2,62
"08001",25.6,40,62.4
"08003",22.9,36.5,57.4
"08005",25.6,40,62.4
"08007",20.3,46.8,56.3
"08009",27.1,45,66.1
"08011",27.5,42.1,65.8
"08013",24.2,41.4,60.7
"08014",24.2,41.4,60.7
"08015",13.6,47.8,46.3
"08017",26.3,47.6,65.7
"08019",12.5,51.5,45.3
"08021",22.8,35.4,56.9
"08023",22,39.6,57
"08025",27.8,40.8,65.9
"08027",15.9,50.3,50.4
"08029",24.1,34.8,58.6
"08031",24.3,40.6,60.6
"08033",23.2,36,57.7
"08035",20.9,47.3,57.4
"08037",17.5,45.5,51.8
"08039",25.1,42.9,62.5
"08041",22.4,47.5,59.7
"08043",18.4,47.5,53.6
"08045",19.7,41.9,54.2
"08047",12.5,51.5,45.3
"08049",15.3,46.5,48.7
"08051",18,45,52.4
"08053",13.7,49.2,46.8
"08055",20.2,47.9,56.5
"08057",17.9,41.2,51.4
"08059",15.4,50.2,49.6
"08061",26.3,47.2,65.6
"08063",27.1,46.3,66.5
"08065",12.8,50.4,45.6
"08067",25.1,34.3,59.8
"08069",20.8,45.6,56.8
"08071",27.7,38,64.8
"08073",25,43.8,62.6
"08075",26.1,45.9,64.9
"08077",24.8,32.2,58.7
"08079",13.7,49.6,46.8
"08081",25.7,24.6,57.2
"08083",25.8,31.2,59.8
"08085",23.2,34.6,57.3
"08087",26.8,43.3,65.2
"08089",27.8,40.5,65.8
"08091",12.7,52.8,45.9
"08093",15.9,49.4,50.2
"08095",26.8,46,66
"08097",12.7,50.5,45.5
"08099",27.9,48.7,68.5
"08101",26,42.1,63.6
"08103",23.9,28.7,56.3
"08105",16.2,47.8,50.3
"08107",18.4,36.6,51
"08109",22,38.5,56.7
"08111",9.7,57,41.9
"08113",25.6,31.4,59.6
"08115",26.8,46,66
"08117",12.7,51.1,45.6
"08119",17.9,49.3,53.3
"08121",26.5,44.7,65.1
"08123",26.3,41.1,63.7
"08125",26.3,48.9,66.1
"09001",23.5,85,70.8
"09003",21.9,82.7,67.5
"09005",22.7,82.8,68.9
"09007",22.7,86,69.6
"09009",23,84.8,69.9
"09011",22.4,86.1,69.1
"09013",21.8,84.1,67.6
"09015",21.6,84.9,67.4
"10001",25.8,74.4,72.2
"10003",25.2,75.7,71.5
"10005",25.7,77.5,72.8
"11001",26,74.6,72.5
"12001",27.9,79.2,77
"12003",27.9,79,76.9
"12005",28.2,81.1,78
"12007",27.7,78.4,76.4
"12009",28.2,83,78.5
"12011",28.7,77.8,78
"12013",27.9,78.7,76.9
"12015",28.6,79.6,78.3
"12017",28,79,77.1
"12019",28.2,77.4,77
"12021",28.7,78,78.1
"12023",28,78.4,77
"12027",28.4,78.1,77.6
"12029",28.4,79.7,78
"12031",27.8,82.1,77.6
"12033",28.1,82.5,78.2
"12035",28.2,79.3,77.5
"12037",28.2,81.5,78.1
"12039",27.6,79.3,76.5
"12041",27.9,79.3,77
"12043",28.6,77.8,77.8
"12045",28.1,81.1,77.8
"12047",27.8,78.1,76.5
"12049",28.4,77.7,77.5
"12051",28.6,78.4,78
"12053",27.9,79.7,77.1
"12055",28.4,78.3,77.6
"12057",28.6,76.8,77.6
"12059",28.2,79.4,77.6
"12061",28.5,81,78.5
"12063",28.3,78.4,77.5
"12065",27.7,80.5,77
"12067",27.9,79.3,77
"12069",28.3,76.7,77
"12071",28.6,79,78.1
"12073",27.8,80,77
"12075",28,78.9,77.1
"12077",27.8,82,77.6
"12079",27.8,79.3,76.8
"12081",28.3,78.6,77.5
"12083",28.5,75.7,77.1
"12085",28.4,80.6,78.2
"12086",29.1,74.7,77.9
"12087",28.7,78.9,78.3
"12089",27.8,82.5,77.7
"12091",27.9,79.2,77
"12093",28.4,78.6,77.7
"12095",28.4,76.6,77.2
"12097",28.3,77.6,77.3
"12099",28.5,79.1,78
"12101",28.3,78.3,77.4
"12103",28.7,79.1,78.3
"12105",28.6,76.6,77.5
"12107",28.5,76.1,77.2
"12109",27.8,82.4,77.7
"12111",28.4,81.2,78.4
"12113",28,81.5,77.8
"12115",28.5,80.1,78.3
"12117",28.4,76.8,77.2
"12119",28,78.7,77
"12121",27.8,79.3,76.8
"12123",27.7,80.8,77.1
"12125",27.9,79,76.9
"12127",28.1,81.1,77.8
"12129",28.3,80.6,78.1
"12131",28,78.2,76.9
"12133",28.2,79.5,77.6
"13001",28.1,77.4,76.9
"13003",27.6,79.6,76.6
"13005",27.9,77.7,76.6
"13007",27.8,75.8,75.9
"13009",28.3,71,75.5
"13011",26.5,74,73.2
"13013",26.8,71.9,73.2
"13015",26.2,74.6,72.9
"13017",27.8,75.9,76
"13019",27.5,77.8,75.9
"13021",28.1,72.7,75.6
"13023",28.2,72.7,75.8
"13025",27.8,79.6,76.9
"13027",27.6,79.4,76.5
"13029",27.9,77.9,76.7
"13031",27.8,76.5,76.1
"13033",27.8,76.2,76
"13035",26.9,71.1,73.2
"13037",28,74.8,76
"13039",27.8,82.5,77.7
"13043",27.9,76.6,76.3
"13045",26.6,72.9,73.1
"13047",25.4,74.6,71.5
"13049",27.8,79.8,77
"13051",27.8,81.6,77.4
"13053",27.7,72.8,75
"13055",26.2,73.9,72.7
"13057",26.5,73.6,73.1
"13059",27.5,71.5,74.3
"13061",28.2,74.2,76.2
"13063",26.9,71.1,73.2
"13065",27.6,79.1,76.5
"13067",26.7,72.4,73.2
"13069",28.1,76,76.5
"13071",27.5,77.5,75.9
"13073",27.7,73.3,75.1
"13075",27.5,80.2,76.6
"13077",26.8,71.9,73.2
"13079",28.1,72.7,75.6
"13081",27.8,75.8,75.9
"13083",25,76.6,71.3
"13085",24.9,74.7,70.7
"13087",27.8,78.6,76.7
"13089",26.7,72.4,73.2
"13091",28.1,73.7,75.9
"13093",27.8,75.8,75.9
"13095",27.8,75.8,75.9
"13097",26.6,72.9,73.1
"13099",27.9,78.3,76.8
"13101",27.8,78.1,76.5
"13103",27.5,81.5,76.9
"13105",27.2,73.9,74.4
"13107",27.8,77,76.2
"13109",27.9,76.6,76.3
"13111",24.4,77.3,70.5
"13113",26.6,72.9,73.1
"13115",26.4,73.2,72.9
"13117",26.7,72.9,73.3
"13119",26.6,73.4,73.3
"13121",26.6,72.9,73.1
"13123",23.9,76.5,69.4
"13125",27.7,73.9,75.3
"13127",27.5,84.5,77.7
"13129",26.2,74.6,72.9
"13131",27.6,79.3,76.5
"13133",27.8,69.1,74.1
"13135",26,71.7,71.8
"13137",25,74.3,70.8
"13139",26.7,72.9,73.3
"13141",27.8,73.9,75.4
"13143",26,72.1,71.9
"13145",27,71.8,73.5
"13147",27.2,73.9,74.4
"13149",26.6,72.9,73.1
"13151",26.9,71.1,73.2
"13153",28,74.2,75.8
"13155",27.8,75.9,76
"13157",26.7,72.9,73.3
"13159",27.7,70.4,74.3
"13161",28.1,75.9,76.5
"13163",27.8,76.8,76.2
"13165",28,75.5,76.2
"13167",27.9,73.8,75.6
"13169",28.1,72.5,75.6
"13171",27.5,71.6,74.3
"13173",27.5,80.2,76.6
"13175",28.2,72,75.6
"13177",27.9,75.4,76
"13179",27.7,82.1,77.4
"13181",27.6,74.5,75.2
"13183",28.1,77.6,76.9
"13185",27.6,79.5,76.6
"13187",24.9,75.1,70.8
"13189",27.6,74.4,75.2
"13191",27.5,84.5,77.7
"13193",28,75.1,76.1
"13195",26.8,71.8,73.2
"13197",27.8,71.8,74.9
"13199",27,71.8,73.5
"13201",27.9,78.3,76.8
"13205",27.7,76.7,76
"13207",28.1,72.5,75.6
"13209",28,76.1,76.4
"13211",27.5,71.5,74.3
"13213",25.4,74.6,71.5
"13215",27.8,72.4,75
"13217",27.5,71.9,74.4
"13219",27.5,71.5,74.3
"13221",27.5,71.7,74.3
"13223",26.5,72.5,72.9
"13225",28.2,73.7,76.1
"13227",26.2,74.6,72.9
"13229",28,78.6,77
"13231",26.9,71.5,73.3
"13233",26.4,73.3,72.9
"13235",27.9,75.3,76
"13237",28.3,71,75.5
"13239",28,74.6,76
"13241",21.2,80.2,65.7
"13243",27.9,75.4,76
"13245",27.7,73.3,75.1
"13247",27.5,71.9,74.4
"13249",27.8,71.8,74.9
"13251",27.8,76.5,76.1
"13253",27.8,78.6,76.7
"13255",26.9,71.5,73.3
"13257",26.6,73.4,73.3
"13259",27.7,72.8,75
"13261",27.9,75.7,76.1
"13263",27.7,72.5,74.9
"13265",27.6,74.4,75.2
"13267",28.2,77.2,77
"13269",28.2,73.7,76.1
"13271",28.4,74.6,76.6
"13273",27.9,75.4,76
"13275",27.6,79.5,76.6
"13277",27.5,77.8,75.9
"13279",28,76.1,76.4
"13281",22,80.4,67.1
"13283",28,76.6,76.5
"13285",26.8,71.9,73.2
"13287",27.7,76.4,75.9
"13289",28.3,71.2,75.5
"13291",23,77.8,68.2
"13293",27.7,72.4,74.9
"13295",25.3,74.6,71.4
"13297",26.8,71.9,73.2
"13299",27.6,79.1,76.5
"13301",27.7,73.9,75.3
"13303",27.9,73.2,75.4
"13305",28.1,77.4,76.9
"13307",28,76,76.3
"13309",28.1,75.5,76.4
"13311",24.9,75.1,70.8
"13313",25.4,74.6,71.5
"13315",27.9,75.3,76
"13317",27.6,74.4,75.2
"13319",28.4,70.2,75.4
"13321",27.7,76.8,76
"15001",15,57.8,50.5
"15003",23.7,81.2,70.2
"15005",25,85.7,73.6
"15007",25.3,85.9,74.2
"15009",25,86.4,73.8
"16001",29.3,23.3,61.3
"16003",22.4,38,57.1
"16005",24.4,27.7,56.7
"16007",22.3,33.9,55.8
"16009",23.4,37.6,58.4
"16011",27.1,25.3,59.3
"16013",18.2,36,50.6
"16015",22.3,37.7,56.9
"16017",20.8,47.5,57.3
"16019",23,35.5,57.3
"16021",20,55.4,57.9
"16023",24.2,29.4,57
"16025",19.7,34.8,52.4
"16027",30.9,22.9,63.1
"16029",21.7,36.9,55.8
"16031",26.1,25.8,58.2
"16033",23.8,33.8,57.9
"16035",20,47.5,56.1
"16037",18.5,41,52.2
"16039",26.6,25,58.5
"16041",25.9,29.1,59.2
"16043",21,40.9,55.9
"16045",27.7,24.5,59.8
"16047",29.9,20.6,60.8
"16049",20.2,48.5,56.6
"16051",27.2,27.5,60.3
"16053",29.8,21.3,61
"16055",24,37.8,59.4
"16057",24.7,28,57.2
"16059",20.4,41.5,55.1
"16061",27,23.5,58.5
"16063",29.3,20.6,60.1
"16065",23,35.5,57.3
"16067",28,23.1,59.6
"16069",27.2,23,58.5
"16071",25.1,26.4,57.1
"16073",30,21.1,61.2
"16075",31.3,19.7,62.1
"16077",24.8,27,56.9
"16079",20.5,45.3,56.3
"16081",20.7,41.6,55.6
"16083",28,22.7,59.4
"16085",18.1,42.4,52
"16087",28.3,24.1,60.4
"17001",24.5,79.8,71.3
"17003",26.8,75.6,74.2
"17005",25.3,77.6,72.1
"17007",23.7,73.7,68.4
"17009",24.4,80.7,71.3
"17011",23.7,80.6,70.1
"17013",24.7,80.5,71.8
"17015",23.9,77.8,69.8
"17017",24.3,80.7,71.2
"17019",24,81.6,70.9
"17021",24.4,80.8,71.4
"17023",24.7,79.3,71.5
"17025",25.3,77.1,72
"17027",26.2,75.8,73.2
"17029",24.4,80.3,71.2
"17031",23.6,78.5,69.4
"17033",24.8,79.2,71.6
"17035",24.5,80.5,71.5
"17037",23.5,75.7,68.6
"17039",24.1,81.1,70.9
"17041",24.3,80.8,71.2
"17043",23.7,78.5,69.6
"17045",24.4,80.2,71.2
"17047",25.8,77.3,72.9
"17049",24.7,79.9,71.7
"17051",25.1,78,71.9
"17053",23.7,82.2,70.5
"17055",26.2,76.3,73.3
"17057",24.2,80.4,70.9
"17059",26.2,77.1,73.5
"17061",24.8,79.8,71.8
"17063",23.6,81,70
"17065",26.1,77.1,73.4
"17067",24.2,80.5,70.9
"17069",26.2,77.1,73.5
"17071",24,80.7,70.6
"17073",23.8,80.8,70.3
"17075",23.6,81.6,70.2
"17077",26.3,75.6,73.3
"17079",25,78.5,71.8
"17081",25.6,76.5,72.3
"17083",25.5,76.6,72.2
"17085",24.1,71.9,68.7
"17087",26.5,77.5,74.1
"17089",23.5,75.7,68.6
"17091",23.5,81.6,70
"17093",23.6,79.8,69.7
"17095",23.8,81.1,70.4
"17097",24,68.9,67.7
"17099",23.7,80.6,70.1
"17101",25.6,77.9,72.7
"17103",23.5,78.5,69.2
"17105",23.7,82.5,70.5
"17107",23.9,81.8,70.7
"17109",24.2,80.6,71
"17111",24,68.9,67.7
"17113",23.7,80.8,70.1
"17115",24.1,81.1,70.9
"17117",24.8,79.8,71.8
"17119",25.5,77.1,72.3
"17121",25.4,77.1,72.2
"17123",23.7,80.6,70.1
"17125",24.1,80.8,70.8
"17127",26.5,77.4,74.1
"17129",24.3,80.7,71.2
"17131",23.9,80.6,70.4
"17133",25.9,75.9,72.7
"17135",24.5,80.4,71.4
"17137",24.4,80.6,71.3
"17139",24.3,80.7,71.2
"17141",23.7,74.8,68.7
"17143",23.9,80.5,70.4
"17145",26.3,75.5,73.3
"17147",24,82,71
"17149",24.6,80.7,71.7
"17151",26.5,77.5,74.1
"17153",26.6,76.4,74
"17155",23.7,80.6,70.1
"17157",26.1,75.2,72.9
"17159",25.6,77.8,72.7
"17161",24,79.1,70.2
"17163",25.5,77.1,72.3
"17165",26.3,76.5,73.5
"17167",24.3,81.3,71.3
"17169",24.3,80.3,71.1
"17171",24.6,80.5,71.6
"17173",24.4,80.3,71.2
"17175",23.8,81,70.4
"17177",24,71.1,68.3
"17179",23.9,81.3,70.6
"17181",26.5,75.9,73.7
"17183",23.9,81.5,70.7
"17185",25.8,77.3,72.9
"17187",24.1,80.7,70.8
"17189",26.2,75.8,73.2
"17191",25.8,77.4,72.9
"17193",25.8,77.5,72.9
"17195",23.8,79,69.9
"17197",23.6,80.7,69.9
"17199",26.2,75.2,73
"17201",24,71.1,68.3
"17203",23.7,82.3,70.5
"18001",23.4,77.5,68.8
"18003",23.2,78,68.6
"18005",24,79.2,70.3
"18007",23.6,81.1,70
"18009",23.4,77.9,68.9
"18011",23.7,78.9,69.7
"18013",23.9,79.7,70.2
"18015",23.7,80.8,70.1
"18017",23.2,79.8,69
"18019",24.7,77.3,71
"18021",24.4,80.2,71.2
"18023",23.4,80.4,69.5
"18025",25.3,78.2,72.3
"18027",25.1,78.2,71.9
"18029",24.7,78.3,71.3
"18031",23.9,79.5,70.2
"18033",23,77.6,68.2
"18035",23.6,78.2,69.3
"18037",25.3,78.2,72.3
"18039",22.8,78.1,67.9
"18041",23.7,79.4,69.8
"18043",25.5,76.6,72.2
"18045",24,81.1,70.7
"18047",23.8,79.5,70
"18049",23,79.9,68.7
"18051",25.8,77.3,72.9
"18053",23.4,79,69.2
"18055",24.6,80.4,71.6
"18057",23.6,79,69.5
"18059",23.8,79.1,69.9
"18061",25.5,77.3,72.4
"18063",23.8,79.9,70.1
"18065",23.4,77,68.7
"18067",23.3,80.1,69.3
"18069",23.2,78.5,68.7
"18071",24.9,78.8,71.7
"18073",23.5,80.7,69.8
"18075",23.6,77.1,69.1
"18077",24.2,78.5,70.4
"18079",24.2,78.5,70.4
"18081",23.8,79.7,70
"18083",25.6,77.9,72.7
"18085",23,79,68.5
"18087",22.8,78.1,67.9
"18089",23.4,80.5,69.5
"18091",23.3,81.1,69.5
"18093",24.8,79.3,71.7
"18095",23.6,79,69.5
"18097",23.8,78.9,69.9
"18099",22.9,79.7,68.5
"18101",24.8,79.4,71.7
"18103",23.2,79.2,68.9
"18105",24.4,80.9,71.4
"18107",24,81.1,70.7
"18109",24.4,80.9,71.4
"18111",23.6,81,70
"18113",22.8,78.1,67.9
"18115",24.9,76.6,71.2
"18117",24.9,79.3,71.8
"18119",23.9,79.9,70.3
"18121",23.9,79.4,70.1
"18123",25.3,78.2,72.3
"18125",25.8,77.4,72.9
"18127",23.3,81.1,69.5
"18129",25.9,76.9,73
"18131",23.6,80.7,69.9
"18133",23.9,79.4,70.1
"18135",23.4,76.8,68.7
"18137",24.7,78.3,71.3
"18139",23.7,79.4,69.8
"18141",22.8,78.8,68.1
"18143",24.7,77.3,71
"18145",23.8,79.7,70
"18147",25.9,77.4,73.1
"18149",23.4,81,69.7
"18151",22.7,78.1,67.8
"18153",24.9,78.5,71.6
"18155",24.3,78.6,70.6
"18157",23.8,81,70.4
"18159",23.7,78.9,69.7
"18161",23.8,79.5,70
"18163",25.9,76.9,73
"18165",24.1,80.9,70.9
"18167",24.4,80.2,71.2
"18169",23.4,79,69.2
"18171",23.8,81.4,70.5
"18173",26.1,76.6,73.2
"18175",24.8,79.3,71.7
"18177",23.3,77.7,68.7
"18179",23.4,77.5,68.8
"18181",23.7,80.8,70.1
"18183",23,78.2,68.3
"19001",25.3,67.6,69.6
"19003",25,71.3,70
"19005",23.9,69.7,67.8
"19007",24.4,76.9,70.4
"19009",25.3,65.5,69
"19011",24.8,69.2,69.2
"19013",25.5,62.4,68.6
"19015",25.6,61.4,68.4
"19017",24.9,61.8,67.4
"19019",24.6,68.6,68.7
"19021",24.7,64.2,67.7
"19023",24.8,62,67.3
"19025",24.9,63.7,67.9
"19027",25.3,65.5,69
"19029",25.4,67.3,69.7
"19031",24.1,78.5,70.3
"19033",24.2,64.9,67.1
"19035",24.9,64.9,68.2
"19037",24.7,62.2,67.2
"19039",24.8,72.5,70
"19041",25,61.9,67.6
"19043",24.7,66.1,68.2
"19045",24,78.2,70
"19047",25.4,65.6,69.2
"19049",26.2,63.5,70
"19051",24.4,76.5,70.3
"19053",24.8,75.7,70.8
"19055",24.2,71,68.6
"19057",24,80.7,70.6
"19059",25,58.7,66.8
"19061",24.6,67.6,68.4
"19063",25.3,58.6,67.2
"19065",24.6,64.6,67.6
"19067",24.8,62,67.3
"19069",24.8,63.7,67.7
"19071",26.1,66.1,70.5
"19073",25.4,63.9,68.8
"19075",25.6,62.6,68.8
"19077",25.4,66,69.3
"19079",25.8,59.4,68.2
"19081",24.6,63.5,67.4
"19083",26.1,60.5,69
"19085",25.3,66.9,69.4
"19087",24.2,80.2,70.9
"19089",24.2,63.2,66.6
"19091",25,62.3,67.7
"19093",24.9,66.2,68.6
"19095",24.6,71.9,69.5
"19097",24,73.9,69
"19099",25.7,64.1,69.3
"19101",24.4,79.7,71.1
"19103",24.5,71.9,69.3
"19105",23.8,75.6,69.1
"19107",24.2,76.2,69.9
"19109",24.8,61.7,67.2
"19111",24.5,79.3,71.2
"19113",24.1,72.7,68.8
"19115",24.1,79.7,70.6
"19117",25.1,71,70.1
"19119",25.9,59.7,68.5
"19121",25.3,67.6,69.6
"19123",24.3,74.1,69.5
"19125",24.8,71.7,69.8
"19127",26.1,60.5,69
"19129",25.9,66.5,70.3
"19131",24.2,63.8,66.8
"19133",25.2,66.8,69.2
"19135",25.1,71,70.1
"19137",25.6,67.1,69.9
"19139",24.2,78.5,70.4
"19141",24.8,61,67
"19143",24.7,59.9,66.6
"19145",25.8,67.6,70.4
"19147",25,61.9,67.6
"19149",25.8,60.7,68.6
"19151",24.9,63.7,67.9
"19153",26.1,63.3,69.8
"19155",25.4,67,69.6
"19157",24.8,70.2,69.4
"19159",25,72.4,70.3
"19161",24.9,66.2,68.6
"19163",24,79.1,70.2
"19165",25.3,66.5,69.3
"19167",25.3,62.2,68.2
"19169",26.1,61,69.2
"19171",25.2,66.8,69.2
"19173",25.8,67.6,70.4
"19175",24.9,70.6,69.7
"19177",24.5,79.3,71.2
"19179",24.2,76.2,69.9
"19181",25.6,67.8,70.1
"19183",24.4,78.3,70.7
"19185",25,72.5,70.3
"19187",25.1,63.2,68.1
"19189",24.7,61.8,67.1
"19191",24.2,64.3,66.9
"19193",25.9,61.9,69.1
"19195",24.3,63.3,66.8
"19197",24.8,63.7,67.7
"20001",25.9,76.8,72.9
"20003",25.8,77.5,72.9
"20005",25.8,74.2,72.1
"20007",28.7,57.7,72.4
"20009",28.2,54.6,70.7
"20011",25.9,76.8,72.9
"20013",26,69.8,71.3
"20015",25.9,71.4,71.6
"20017",26.4,69.9,72
"20019",26.5,75.2,73.6
"20021",26.4,74.7,73.3
"20023",27.6,46.6,67.4
"20025",28.7,54.5,71.5
"20027",27.7,61.5,71.9
"20029",27.8,61.2,72
"20031",25.8,74.3,72.1
"20033",28.2,56.8,71.4
"20035",26.6,71.3,72.7
"20037",26,76.2,73
"20039",27.4,52.8,68.9
"20041",27.9,60.3,71.9
"20043",25.8,74.2,72.1
"20045",25.8,75.9,72.5
"20047",27.7,55.1,70.1
"20049",26.1,74.1,72.6
"20051",28.1,55.8,70.9
"20053",28.5,55.8,71.5
"20055",27.7,53.4,69.6
"20057",27.9,54.9,70.3
"20059",25.6,75.3,72
"20061",27.9,60.3,71.9
"20063",27.6,53.5,69.5
"20065",27.9,53.4,69.9
"20067",27.7,51.7,69.1
"20069",27.7,53.1,69.5
"20071",27.4,49.9,68.1
"20073",26,73.9,72.4
"20075",27.5,49.1,68
"20077",28.7,61.5,73.5
"20079",26.9,65.1,71.6
"20081",27.6,54,69.6
"20083",27.7,56.2,70.4
"20085",25.8,71.7,71.5
"20087",25.6,75.7,72.1
"20089",27.6,59.1,71.1
"20091",25.8,75.1,72.3
"20093",27.4,52,68.7
"20095",28,59.9,71.9
"20097",27.7,55.2,70.1
"20099",26.4,74.6,73.2
"20101",27.2,52.3,68.5
"20103",25.8,75.1,72.3
"20105",28,57.8,71.3
"20107",25.5,78.3,72.6
"20109",27.4,52,68.7
"20111",26,72.1,71.9
"20113",27.5,61.1,71.5
"20115",26.4,67.1,71.3
"20117",27.1,64,71.6
"20119",27.5,54.3,69.5
"20121",25.4,78.1,72.4
"20123",28.2,57.1,71.4
"20125",26.5,74.5,73.4
"20127",26.4,69.9,72
"20129",27.8,48.3,68.2
"20131",26,69.5,71.2
"20133",26.1,75.9,73.1
"20135",27.6,56.3,70.3
"20137",27.4,52.8,68.9
"20139",25.5,75,71.8
"20141",28.2,57.1,71.4
"20143",28.3,58.5,72
"20145",28.1,56.2,71
"20147",27.5,57.8,70.5
"20149",26.8,65.5,71.5
"20151",28.1,56.3,71.1
"20153",28.1,46.7,68.2
"20155",28.1,58.7,71.7
"20157",27.4,59.5,70.8
"20159",28.1,58.7,71.7
"20161",26.9,65.5,71.7
"20163",27.7,54.7,70
"20165",28.1,55.6,70.9
"20167",28.2,54.5,70.7
"20169",28.9,56,72.2
"20171",27.2,52.3,68.5
"20173",27.9,64.9,73.2
"20175",27.6,54.4,69.7
"20177",26,70.5,71.5
"20179",26.9,52.8,68.2
"20181",26.8,47,66.3
"20183",27.5,57.8,70.5
"20185",28.1,56.2,71
"20187",27.7,48.4,68.1
"20189",28,50.4,69.2
"20191",27.7,65.5,73
"20193",26.9,52.8,68.2
"20195",27.9,54.6,70.2
"20197",25.7,73.4,71.7
"20199",27.1,50.4,67.8
"20201",27.1,64,71.6
"20203",26.9,51.3,67.7
"20205",26.2,75.7,73.2
"20207",26,76.6,73.1
"20209",25.6,75.6,72.1
"21001",25.2,78,72
"21003",25.8,75.5,72.4
"21005",24.7,77.9,71.2
"21007",26.7,76.9,74.3
"21009",25.4,77.2,72.2
"21011",24.4,78.9,70.9
"21013",24,76.8,69.7
"21015",24.9,76.6,71.2
"21017",24.5,77,70.6
"21019",24.9,75.5,70.9
"21021",24.8,79.1,71.6
"21023",24.3,76.5,70.1
"21025",24.3,76.7,70.2
"21027",25.5,78.6,72.7
"21029",25.8,74.9,72.3
"21031",25.7,78.2,73
"21033",26.3,77.5,73.8
"21035",26.8,76.5,74.4
"21037",24.9,76.6,71.2
"21039",26.7,76.9,74.3
"21041",24.3,78.6,70.6
"21043",24.1,79.2,70.4
"21045",25,78.1,71.7
"21047",26.1,76.8,73.3
"21049",24.5,78.8,71
"21051",24.1,79,70.4
"21053",25.2,78.7,72.2
"21055",26.3,77.5,73.8
"21057",25.2,78.7,72.2
"21059",26.1,77.1,73.4
"21061",25.9,76.9,73
"21063",24.1,79.2,70.4
"21065",24.8,77.7,71.3
"21067",24.7,77.2,71
"21069",24.3,76.9,70.2
"21071",24.5,74.7,70
"21073",24.7,77.9,71.2
"21075",26.8,77.4,74.6
"21077",25,76.9,71.4
"21079",24.9,78,71.5
"21081",25.1,75.9,71.3
"21083",26.7,76.9,74.3
"21085",25.5,78.6,72.7
"21087",25,78.1,71.7
"21089",24.1,78.4,70.2
"21091",25.4,78.2,72.4
"21093",25.7,76.2,72.4
"21095",23.6,74.9,68.5
"21097",24.5,77,70.6
"21099",25.4,75.9,71.9
"21101",26.1,76.6,73.2
"21103",24.5,78.2,70.9
"21105",26.8,77.4,74.6
"21107",26.1,76.4,73.2
"21109",24.3,78.4,70.6
"21111",25.3,77.5,72.1
"21113",24.9,78,71.5
"21115",24.7,76.5,70.8
"21117",24.9,76.6,71.2
"21119",24.2,73,69.1
"21121",24.4,78.1,70.7
"21123",25.4,75.9,71.9
"21125",24.3,78.4,70.6
"21127",24.4,77.7,70.6
"21129",24.6,78.5,71.1
"21131",23.9,75.5,69.2
"21133",23.1,72.5,67.1
"21135",24.1,77.8,70.1
"21137",24.4,77.7,70.6
"21139",26.5,77.3,74.1
"21141",26,77,73.2
"21143",26.6,76.8,74.1
"21145",26.5,77.4,74.1
"21147",24.6,77.7,70.9
"21149",26.2,77.7,73.7
"21151",24.8,77.7,71.3
"21153",24.5,74.8,70
"21155",25.2,76.3,71.6
"21157",26.8,76.5,74.4
"21159",24.7,76.9,70.9
"21161",24.1,77.8,70.1
"21163",25.5,77.3,72.4
"21165",24.4,78.9,70.9
"21167",24.8,77.9,71.3
"21169",25.2,78,72
"21171",25.3,78.3,72.3
"21173",24.6,77.2,70.8
"21175",24.3,78.5,70.6
"21177",26.3,77.2,73.7
"21179",25.2,76.3,71.6
"21181",24.6,77.2,70.8
"21183",26.2,77.7,73.7
"21185",24.5,78.2,70.9
"21187",25,76.9,71.4
"21189",24.6,78.5,71.1
"21191",25.1,75.9,71.3
"21193",24.3,76.7,70.2
"21195",24.3,71.6,68.9
"21197",24.5,78.8,71
"21199",25,78.8,71.9
"21201",24.5,77,70.6
"21203",24.4,77.7,70.6
"21205",24.1,79.2,70.4
"21207",25,78.1,71.7
"21209",24.6,77.6,70.9
"21211",24.7,77.9,71.2
"21213",26,77.1,73.2
"21215",25.8,74.9,72.3
"21217",25,78.1,71.7
"21219",26,77,73.2
"21221",26.5,77.5,74.1
"21223",24.5,78.2,70.9
"21225",26.3,77.5,73.8
"21227",26,76.9,73.1
"21229",24.9,77.6,71.4
"21231",25.1,78.3,71.9
"21233",26.2,77.2,73.6
"21235",24.5,77.8,70.8
"21237",24.6,78,71
"21239",24.7,77.9,71.2
"22001",27.8,83.1,77.8
"22003",27.8,82.8,77.8
"22005",27.7,83.7,77.8
"22007",27.7,83.7,77.8
"22009",27.7,83,77.6
"22011",27.9,82.2,77.8
"22013",27.8,78.8,76.7
"22015",28,76.4,76.4
"22017",28.1,76.2,76.5
"22019",27.8,83.7,78
"22021",27.7,79.4,76.7
"22023",28.2,83.9,78.7
"22025",27.9,81.5,77.6
"22027",27.9,74.8,75.8
"22029",27.8,81.8,77.5
"22031",28,77.2,76.6
"22033",27.6,84.8,77.9
"22035",27.9,80.3,77.3
"22037",27.5,82,77
"22039",27.8,83.1,77.8
"22041",27.9,80.7,77.4
"22043",28,81.1,77.7
"22045",28.1,83.4,78.4
"22047",27.6,84.3,77.8
"22049",27.7,78.8,76.5
"22051",28,82,77.9
"22053",27.7,84.2,77.9
"22055",27.7,84.8,78.1
"22057",27.8,83.5,77.9
"22059",27.9,81.5,77.6
"22061",27.9,77.5,76.5
"22063",27.7,83.9,77.9
"22065",27.8,80.6,77.2
"22067",28,79.6,77.3
"22069",27.9,79.3,77
"22071",28.2,81.2,78
"22073",28.1,78.7,77.2
"22075",28.2,81.6,78.1
"22077",27.7,84,77.9
"22079",27.9,81.4,77.6
"22081",27.9,78.4,76.8
"22083",28.1,79.6,77.4
"22085",27.8,77.3,76.3
"22087",28.3,81.4,78.3
"22089",27.8,83.3,77.9
"22091",27.5,82.1,77.1
"22093",27.6,83.9,77.7
"22095",27.7,83.9,77.9
"22097",27.7,84.3,78
"22099",27.8,84.5,78.2
"22101",27.9,83.7,78.2
"22103",28.1,80.4,77.7
"22105",27.8,83.6,78
"22107",27.8,81.3,77.4
"22109",27.8,83.7,78
"22111",27.9,77.3,76.5
"22113",28,84.1,78.4
"22115",27.8,80.7,77.2
"22117",27.5,82,77
"22119",28,76.4,76.4
"22121",27.6,84.5,77.9
"22123",28,79.8,77.3
"22125",27.8,82.4,77.7
"22127",27.7,79.5,76.7
"23001",19.4,83.4,63.3
"23003",17,80.5,58.5
"23005",17.5,91.5,61.7
"23007",16.7,84.4,58.8
"23009",19.4,84.1,63.4
"23011",19.6,84.2,63.8
"23013",16.7,91.9,60.3
"23015",16.8,92.2,60.6
"23017",19.4,83.4,63.3
"23019",18.6,81.6,61.5
"23021",17.4,81.3,59.3
"23023",19.6,87.8,64.6
"23025",17.7,82.6,60.1
"23027",19.2,85.2,63.3
"23029",18.4,87.2,62.3
"23031",20.3,87.3,65.7
"24001",23.9,66.1,66.9
"24003",24.9,81.5,72.4
"24005",24.8,71.2,69.7
"24009",25,83.4,73
"24011",25.7,76.3,72.5
"24013",24.8,71.2,69.7
"24015",25.7,74.7,72.1
"24017",25.9,74.9,72.5
"24019",25,83.4,73
"24021",25.2,68,69.5
"24023",20.2,77.3,63.3
"24025",24.9,75.3,70.9
"24027",25.8,74.5,72.2
"24029",25.8,74.4,72.2
"24031",25.7,69.8,70.8
"24033",26,74.6,72.5
"24035",25.4,78.9,72.6
"24037",27.2,78.1,75.5
"24039",25.9,80.1,73.8
"24041",24.9,82.2,72.6
"24043",25.2,67.2,69.3
"24045",25.7,77.5,72.8
"24047",25.4,82.1,73.4
"24510",24.8,71.2,69.7
"25001",19.8,91.8,65.8
"25003",19.3,83.7,63.2
"25005",22,86.7,68.6
"25007",20.5,92,67.1
"25009",19,90.8,64.2
"25011",20.4,83.4,65
"25013",21.7,83.5,67.3
"25015",20.5,83.8,65.3
"25017",21.6,83.8,67.2
"25019",20.1,92.7,66.6
"25021",21.9,84.3,67.8
"25023",21.8,87.1,68.3
"25025",21.2,86.9,67.2
"25027",21.2,82.8,66.3
"26001",19.7,81.4,63.3
"26003",16.6,80.1,57.7
"26005",22.2,80,67.4
"26007",19.2,81.8,62.6
"26009",20.5,78,64
"26011",22.1,76.5,66.4
"26013",19.1,76.5,61.2
"26015",22.2,78.1,66.9
"26017",22.1,76.8,66.4
"26019",20.7,76.8,64
"26021",22.3,81.1,67.8
"26023",22.4,79.2,67.5
"26025",22.2,79,67.1
"26027",22.6,78.7,67.7
"26029",19.6,83.6,63.7
"26031",19.3,83.8,63.2
"26033",18.6,81.6,61.5
"26035",20.7,76.9,64.1
"26037",22.1,77.7,66.6
"26039",20.4,76.7,63.5
"26041",20.6,77.4,64
"26043",20.9,74.3,63.8
"26045",22.2,78.1,66.9
"26047",19.4,83,63.2
"26049",22,76.3,66.1
"26051",21.8,78,66.2
"26053",18.9,76.5,60.9
"26055",21,77.4,64.7
"26057",21.9,77.4,66.2
"26059",22.7,78.1,67.8
"26061",20,77.2,62.9
"26063",20.4,81.8,64.6
"26065",22.2,77.1,66.7
"26067",22.1,77.6,66.6
"26069",20.9,79.3,64.9
"26071",19.4,77.2,61.9
"26073",21.8,77.5,66.1
"26075",22.6,77.2,67.4
"26077",22.4,78.9,67.4
"26079",20.4,77,63.6
"26081",22.1,77.9,66.7
"26083",17.6,75.8,58.5
"26085",21.3,78.3,65.4
"26087",21.7,77,65.8
"26089",19.6,82.7,63.5
"26091",23.5,76.4,68.7
"26093",22.1,77.3,66.5
"26095",16.6,80,57.7
"26097",19.2,81.1,62.4
"26099",22.4,77.5,67.1
"26101",21.4,78.6,65.6
"26103",18.1,77.5,59.7
"26105",20.6,81.3,64.9
"26107",21.8,77.2,66
"26109",20.8,75,63.8
"26111",22.1,76.8,66.4
"26113",20.5,77.1,63.8
"26115",23.5,75.5,68.5
"26117",21.8,77.5,66.1
"26119",19.8,78,62.8
"26121",21.6,79.7,66.2
"26123",21.8,77.6,66.1
"26125",22.3,76.6,66.7
"26127",20.7,80.9,65
"26129",20.4,77.2,63.6
"26131",18.3,76.8,59.9
"26133",20.9,78.2,64.7
"26135",19.9,78,62.9
"26137",19.7,78.4,62.7
"26139",21.9,79.7,66.8
"26141",18.8,82.5,62
"26143",20.7,76.9,64.1
"26145",22.3,76.7,66.8
"26147",21.7,77,65.8
"26149",22.6,78.7,67.7
"26151",20.9,80.5,65.2
"26153",19.9,79.5,63.3
"26155",22,77.2,66.4
"26157",22.1,76.4,66.3
"26159",22.5,79.1,67.7
"26161",22.3,77.3,66.9
"26163",23.2,75.7,68.1
"26165",20.7,77.3,64.1
"27001",23.7,56.8,64.2
"27003",25.3,52.9,65.7
"27005",25,48,63.8
"27007",24.5,47.8,63
"27009",25,51.8,64.9
"27011",26.3,50.1,66.4
"27013",25.9,56.2,67.5
"27015",26.2,53.2,67.2
"27017",22.1,65.9,63.8
"27019",25.9,52,66.4
"27021",24.6,52.1,64.4
"27023",26.1,50.4,66.2
"27025",25.1,52.8,65.3
"27027",27.3,43.3,65.9
"27029",25.7,42.8,63.4
"27031",20.3,63.8,60.4
"27033",26,53,66.8
"27035",24.4,54.7,64.7
"27037",25.1,57,66.5
"27039",24.5,60,66.3
"27041",25.6,50.4,65.4
"27043",24.7,60.7,66.8
"27045",24.2,63.2,66.6
"27047",24.3,63.3,66.8
"27049",24.3,60.7,66.2
"27051",26.1,48.8,65.8
"27053",25.8,50.9,65.9
"27055",23.7,66.7,66.7
"27057",24.7,49.1,63.7
"27059",25.1,52.8,65.3
"27061",23.2,59.1,64
"27063",25.1,56.6,66.4
"27065",24.6,53.1,64.6
"27067",25.3,52.9,65.7
"27069",27.1,38.2,64
"27071",24.3,49.1,63.1
"27073",26.3,50,66.4
"27075",21,62.7,61.3
"27077",25,46.7,63.5
"27079",25.7,54.7,66.8
"27081",25.6,53.3,66.3
"27083",26.1,52,66.7
"27085",26.1,51.8,66.6
"27087",25.4,44.3,63.4
"27089",27.1,38.2,64
"27091",25.3,57.6,66.9
"27093",25.4,52.1,65.6
"27095",23.7,58.4,64.6
"27097",24.3,55.8,64.9
"27099",24.4,61.3,66.5
"27101",25.4,55,66.4
"27103",25.7,55.6,67
"27105",25,59.7,67
"27107",27.6,38.9,64.9
"27109",24.3,61.6,66.4
"27111",24.7,55,65.3
"27113",26.6,39.1,63.5
"27115",23.6,61.4,65.2
"27117",25.4,55.8,66.6
"27119",27.5,37.6,64.4
"27121",25.7,50.4,65.6
"27123",25.7,52.9,66.3
"27125",26.6,39.1,63.5
"27127",26.1,51.4,66.5
"27129",26.4,50.8,66.8
"27131",25.3,56.5,66.7
"27133",25.4,58.1,67.2
"27135",26.3,39.8,63.3
"27137",22.4,57.9,62.4
"27139",25.9,52,66.4
"27141",25.7,50.2,65.5
"27143",25.9,53.8,66.9
"27145",24.8,54.1,65.2
"27147",24.5,60,66.3
"27149",25.9,49.8,65.7
"27151",25.8,50.5,65.8
"27153",24.4,55.8,65
"27155",26.3,48.7,66
"27157",24.5,61.7,66.7
"27159",24.4,55.2,64.9
"27161",24.5,60.1,66.3
"27163",25.2,55.4,66.2
"27165",25.7,55.3,67
"27167",27.3,44,66.1
"27169",24.3,64.7,67.2
"27171",25.8,50.9,65.9
"27173",26.1,50.6,66.3
"28001",27.8,81.7,77.5
"28003",26.4,77.2,73.9
"28005",27.2,80.8,76.2
"28007",26.9,79.7,75.4
"28009",26.5,76.7,73.9
"28011",28,77.6,76.7
"28013",26.8,78.9,75
"28015",26.9,79.7,75.4
"28017",26.8,78.7,75
"28019",26.9,78.8,75.2
"28021",27.9,80.1,77.2
"28023",27,80.3,75.7
"28025",27.1,79.2,75.6
"28027",27.8,75.5,75.8
"28029",27.1,80.3,75.9
"28031",27.5,79.8,76.5
"28033",27.3,75.2,74.9
"28035",27.3,81.3,76.5
"28037",27.1,80.9,76.1
"28039",27.5,80.7,76.7
"28041",27.3,81.4,76.5
"28043",27,78.1,75.2
"28045",27.9,81.6,77.6
"28047",27.9,81.7,77.6
"28049",27.7,79.1,76.6
"28051",27,79.4,75.5
"28053",27.9,78.9,76.9
"28055",28.1,78.6,77.2
"28057",26.7,79.3,75
"28059",27.8,83.6,78
"28061",27,80.1,75.7
"28063",27.2,80.2,76
"28065",27.2,80.6,76.1
"28067",27.3,81.1,76.5
"28069",27,78.6,75.3
"28071",26.9,78.3,75
"28073",27.3,82.2,76.7
"28075",27,79.3,75.5
"28077",27.2,80.6,76.1
"28079",27,79.3,75.5
"28081",26.8,78.1,74.8
"28083",27.2,78.1,75.5
"28085",27.1,81,76.1
"28087",27,79.6,75.5
"28089",27.2,79.3,75.8
"28091",27.2,80.3,76.1
"28093",26.7,78.7,74.8
"28095",26.9,80,75.5
"28097",26.9,79,75.2
"28099",26.9,79.5,75.3
"28101",26.9,80,75.5
"28103",27,78.6,75.3
"28105",27,78.1,75.2
"28107",27,77.4,75
"28109",27.7,80.2,76.9
"28111",27.2,82,76.5
"28113",27.2,80.7,76.2
"28115",26.6,79.3,74.8
"28117",26.6,79.6,74.9
"28119",27.8,75.5,75.8
"28121",27.1,79.6,75.7
"28123",27,80,75.6
"28125",27.9,79.8,77.2
"28127",27.1,80.6,76
"28129",27,80.1,75.7
"28131",27.8,81.9,77.5
"28133",27.9,78.9,76.9
"28135",27.6,78.3,76.2
"28137",27,77.4,75
"28139",26.4,77.2,73.9
"28141",26.4,77.5,74
"28143",27.5,77.2,75.8
"28145",26.4,77.2,73.9
"28147",27.2,80.7,76.2
"28149",27.9,80.5,77.3
"28151",28,78.6,77
"28153",27.1,81.9,76.3
"28155",26.9,78.8,75.2
"28157",27.6,80.8,76.9
"28159",27,78.6,75.3
"28161",26.8,78.9,75
"28163",27.5,80.2,76.6
"29001",24.4,78.4,70.8
"29003",25.5,75.5,71.9
"29005",26.3,68.8,71.6
"29007",24.9,78.6,71.7
"29009",25.6,74.7,71.9
"29011",26,76.3,73
"29013",25.4,78.1,72.4
"29015",25.5,77.3,72.4
"29017",26.7,75.4,73.9
"29019",25,78.5,71.8
"29021",25.4,76.2,71.9
"29023",27.4,73.5,74.6
"29025",24.9,78.8,71.7
"29027",24.9,78.6,71.7
"29029",25.6,76.7,72.4
"29031",26.7,75.4,73.9
"29033",25.7,77.7,72.8
"29035",26.5,75.8,73.7
"29037",25.3,78.4,72.3
"29039",25.9,76.7,72.9
"29041",25.6,77.2,72.5
"29043",24.8,76,70.9
"29045",24.5,79.1,71.1
"29047",25.2,78.2,72.1
"29049",25.3,77.1,72
"29051",26.3,75.3,73.2
"29053",25.3,77.4,72.1
"29055",25.3,77.8,72.2
"29057",25.4,75.9,71.9
"29059",25.3,76.4,71.8
"29061",25,77.2,71.5
"29063",25.2,76.9,71.8
"29065",24.9,77.2,71.3
"29067",25.3,76.4,71.8
"29069",27.6,74.7,75.3
"29071",25.7,77.2,72.7
"29073",25.3,77.1,72
"29075",25.3,75,71.5
"29077",25.4,75.7,71.8
"29079",24.7,78.9,71.4
"29081",25,75.7,71.1
"29083",25.5,77.3,72.4
"29085",25.7,76.8,72.6
"29087",25.5,75.5,71.9
"29089",25.2,77.6,71.9
"29091",25.4,75.4,71.7
"29093",24.9,77,71.3
"29095",25.2,78.4,72.1
"29097",25.5,75.7,72
"29099",25.7,76.5,72.5
"29101",25.3,78.2,72.3
"29103",24.4,78.4,70.8
"29105",25.2,76.5,71.7
"29107",25.1,78.9,72.1
"29109",25.5,75.7,72
"29111",24.7,79,71.4
"29113",25.3,78.4,72.3
"29115",24.7,78.3,71.3
"29117",24.9,78.8,71.7
"29119",26.5,74.6,73.4
"29121",24.5,78.8,71
"29123",25.7,76,72.4
"29125",25.5,76.7,72.2
"29127",25.1,79,72.1
"29129",24.7,77.5,71.1
"29131",25.6,76.3,72.3
"29133",26.9,75.9,74.4
"29135",26.1,76,73.1
"29137",25.1,79,72.1
"29139",24.9,78.6,71.7
"29141",25.4,77.3,72.2
"29143",27.6,74.9,75.4
"29145",25.7,74.8,72.1
"29147",26.7,66,71.5
"29149",26,75,72.7
"29151",25.1,78.2,71.9
"29153",26.1,73.9,72.5
"29155",27.6,74.9,75.4
"29157",26.3,74.6,73.1
"29159",25.3,77.4,72.1
"29161",25.6,76.7,72.4
"29163",25.1,79.4,72.2
"29165",25.5,76.2,72.1
"29167",25.3,76.3,71.8
"29169",25.7,76.4,72.5
"29171",24.5,77.4,70.7
"29173",24.9,79.5,71.9
"29175",25.6,77.2,72.5
"29177",25.2,78.2,72.1
"29179",25.6,77.1,72.5
"29181",27.1,75.6,74.7
"29183",25.5,77.4,72.4
"29185",25.5,77.6,72.5
"29186",26.1,75.2,72.9
"29187",25.6,76,72.2
"29189",25.5,77.4,72.4
"29195",25.8,77.3,72.9
"29197",24.4,77.8,70.6
"29199",24.7,78.9,71.4
"29201",26.8,75.6,74.2
"29203",25.8,76.2,72.6
"29205",24.5,78.7,71
"29207",27.1,74.9,74.5
"29209",25.5,75.6,72
"29211",24.7,77.5,71.1
"29213",25.4,75.7,71.8
"29215",25.1,76.4,71.5
"29217",25.9,76.9,73
"29219",25.1,77.5,71.7
"29221",25.3,77.8,72.2
"29223",26.4,76.1,73.6
"29225",24.7,76.7,70.9
"29227",25.3,75,71.5
"29229",25.2,76.7,71.7
"29510",25.8,75.6,72.5
"30001",21.1,37.7,55.2
"30003",30.4,24.2,63.1
"30005",27.3,28.3,60.8
"30007",22.6,38.5,57.6
"30009",25.8,30.7,59.6
"30011",27.2,34.5,62.9
"30013",26.3,28.2,59.4
"30015",28.4,25.6,61.1
"30017",28.6,29.7,63
"30019",27,33.5,62.2
"30021",28.7,29.7,63.2
"30023",19.1,45,54.1
"30025",27.4,35.1,63.4
"30027",27.5,27,60.5
"30029",20.1,55.6,58.2
"30031",25,34.3,59.7
"30033",28.6,27.3,62.1
"30035",21.7,43.2,57.5
"30037",27.5,28.7,61.2
"30039",19.5,48.4,55.5
"30041",27.4,27.3,60.5
"30043",20.7,43.3,56.1
"30045",19.1,41.2,53.2
"30047",22.7,47.7,60.2
"30049",22.5,37.8,57.2
"30051",26.2,30.3,60
"30053",19.5,54.8,57
"30055",28.3,30.4,62.9
"30057",20.4,40.1,54.8
"30059",20.5,41.4,55.3
"30061",20.8,50.6,58
"30063",20.6,50.2,57.6
"30065",28.7,25.6,61.5
"30067",21.2,41.8,56.4
"30069",28.7,26.8,62
"30071",28,28.5,61.8
"30073",26.5,29.1,60
"30075",27.3,30.5,61.6
"30077",20,44.9,55.4
"30079",29,29.7,63.6
"30081",18.7,47.3,54
"30083",28.2,30.2,62.7
"30085",28.3,32,63.5
"30087",29.7,26.7,63.3
"30089",20.3,51.6,57.5
"30091",27.4,34.3,63.1
"30093",19.1,45,54.1
"30095",27.3,26.4,60
"30097",25.4,30.3,58.9
"30099",25.4,30.6,59
"30101",26.3,29.2,59.7
"30103",29.4,26,62.6
"30105",27.8,30.1,62.1
"30107",23.5,33.2,57.3
"30109",28.7,31.4,63.8
"30111",29.1,25,61.8
"31001",26.1,63.6,69.9
"31003",25.8,60.2,68.5
"31005",25.7,50.8,65.7
"31007",26.2,40,63.2
"31009",26.2,56.3,68
"31011",26,60.9,69
"31013",26.9,44.4,65.7
"31015",27,55.4,69.1
"31017",25.8,57.4,67.7
"31019",25.7,62.9,69
"31021",25,69.1,69.5
"31023",25.7,64.6,69.5
"31025",26.1,66.1,70.5
"31027",25.8,61.4,68.8
"31029",27.9,47.1,68
"31031",26.1,55,67.5
"31033",27.1,44.9,66.1
"31035",25.9,63.8,69.6
"31037",25.5,68.7,70.2
"31039",24.9,66.9,68.7
"31041",26.2,56.7,68.1
"31043",26.3,58.8,68.9
"31045",27.8,39.1,65.3
"31047",26.1,58.4,68.4
"31049",27.2,47.6,67.1
"31051",26.1,58.3,68.4
"31053",25,70.2,69.7
"31055",25.9,66,70.2
"31057",27.3,46.8,67
"31059",26.3,64.4,70.4
"31061",27.2,58.7,70.3
"31063",27.3,53.1,68.9
"31065",27.5,55.8,70
"31067",26.9,64.5,71.4
"31069",26.4,47.7,65.9
"31071",26.1,58.7,68.5
"31073",26.6,59.8,69.6
"31075",25.5,51,65.5
"31077",26.4,60.5,69.5
"31079",25.8,64,69.5
"31081",25.9,63.8,69.6
"31083",27.3,59.7,70.7
"31085",27.6,48.3,67.9
"31087",27.8,47.2,67.9
"31089",26.8,55.1,68.6
"31091",25.6,54.6,66.6
"31093",26.1,62,69.4
"31095",27.1,64,71.6
"31097",26.4,66.2,71
"31099",25.5,64,69
"31101",26.5,50.6,66.9
"31103",26.6,53.8,68
"31105",26,41.4,63.4
"31107",26.2,60.5,69.2
"31109",26.6,64.7,71
"31111",26.1,54.7,67.4
"31113",25.9,55.9,67.4
"31115",26.2,58.3,68.6
"31117",25.9,53.2,66.7
"31119",25.7,63.4,69.1
"31121",25.9,66.7,70.3
"31123",27.3,43.5,66
"31125",26.1,64,70
"31127",26.4,69.9,72
"31129",26.6,60.6,69.9
"31131",26,67.8,70.8
"31133",26.2,68,71.2
"31135",27.3,46.9,67
"31137",26,62.2,69.3
"31139",26,61.7,69.2
"31141",25.8,64.5,69.6
"31143",25.8,65.6,69.9
"31145",27.7,51.1,68.9
"31147",26,69.5,71.2
"31149",26.3,56.5,68.2
"31151",26.3,64.4,70.4
"31153",25.9,66,70.2
"31155",25.8,67.1,70.3
"31157",26.9,40.3,64.4
"31159",26.3,63.3,70.1
"31161",26.2,46.9,65.3
"31163",26.1,59.8,68.8
"31165",27,39.4,64.2
"31167",25.6,64.6,69.3
"31169",27,61.1,70.6
"31171",25.8,56.3,67.4
"31173",25.4,66.1,69.4
"31175",26.1,58.7,68.5
"31177",25.4,67.9,69.8
"31179",25.4,64.2,68.9
"31181",26.2,64.2,70.2
"31183",26.2,59.2,68.8
"31185",26,66.2,70.4
"32001",30,20.2,60.7
"32003",26.2,29.6,59.8
"32005",22.3,30,54.6
"32007",23.2,27.8,55.1
"32009",29,20.3,59.5
"32011",26.6,24.5,58.3
"32013",24.9,25.5,56.5
"32015",28.1,21.4,58.9
"32017",29.1,23.9,61.3
"32019",29.3,19.5,59.5
"32021",29.5,19.3,59.7
"32023",24.3,26,55.9
"32027",28.4,20.4,58.8
"32029",26.1,23.5,57.3
"32031",23.3,29.9,55.9
"32033",25.2,26.9,57.4
"32510",22.1,29.3,54.1
"33001",19.3,84,63.2
"33003",19.8,84.3,64.2
"33005",19.4,83.9,63.4
"33007",16.3,85.5,58.3
"33009",18.7,84.9,62.4
"33011",21.4,83.7,66.8
"33013",19.6,84.1,63.8
"33015",21.1,86.4,66.9
"33017",20.3,87.3,65.7
"33019",19,84.8,62.9
"34001",24.8,82.9,72.6
"34003",23.7,79,69.7
"34005",24.8,80.1,71.9
"34007",25.1,79.3,72.2
"34009",23.6,87.3,71.5
"34011",25.1,81.2,72.7
"34013",24.7,79,71.4
"34015",25.3,77.5,72.1
"34017",24.7,79,71.4
"34019",24.3,80.1,71
"34021",24.7,80.1,71.7
"34023",24.5,81.2,71.6
"34025",22.6,89,70.2
"34027",22.5,80.2,67.9
"34029",24.9,80.4,72.1
"34031",22.8,80.2,68.4
"34033",25.2,78.2,72.1
"34035",24.3,80.1,71
"34037",22.3,80.8,67.7
"34039",24.7,79,71.4
"34041",22.7,79.7,68.1
"35001",28.2,34,64.1
"35003",23.4,39.4,59
"35005",28.1,44.3,67.4
"35006",24.8,39.5,61
"35007",22.3,52.8,60.9
"35009",26.6,48.5,66.4
"35011",27.1,47.2,66.8
"35013",28.5,38.9,66.2
"35015",29,43.1,68.4
"35017",26.5,41.7,64.2
"35019",25.9,44.9,64.3
"35021",23.6,50.6,62.4
"35023",27.3,41.5,65.3
"35025",27.3,49.2,67.7
"35027",26.3,46,65.2
"35028",20,49,56.4
"35029",29.1,36.3,66.2
"35031",24,35,58.5
"35033",21.2,51.9,59
"35035",25.8,43,63.6
"35037",28.4,44.4,67.9
"35039",23.2,38.2,58.3
"35041",26,50.3,66
"35043",23,41.4,59
"35045",27.4,29.2,61.2
"35047",22.6,49.9,60.7
"35049",24.1,43.2,61.1
"35051",23.3,45.8,60.6
"35053",24.2,41.5,60.8
"35055",21.7,43.5,57.6
"35057",23.4,45.5,60.7
"35059",23.4,50.3,62
"35061",27.8,35.6,64.1
"36001",21.2,82.6,66.2
"36003",19.9,81.2,63.6
"36005",24.1,81.5,71
"36007",19.8,83.6,64
"36009",19.5,81.2,63
"36011",20.2,81.1,64.1
"36013",20.2,81.7,64.3
"36015",20.6,80.7,64.7
"36017",19.6,83.2,63.6
"36019",19,77.5,61.3
"36021",21.1,83,66.1
"36023",19.6,83.2,63.6
"36025",19.5,82.9,63.3
"36027",22.4,82.2,68.2
"36029",20.5,81.5,64.8
"36031",16.1,83.7,57.6
"36033",18.2,80.3,60.5
"36035",19.7,83.3,63.8
"36037",21,79.1,65.1
"36039",20.9,82.7,65.7
"36041",17.2,83.9,59.5
"36043",19.8,84,64.1
"36045",21.2,77.8,65.1
"36047",24.7,79,71.4
"36049",18.9,83.3,62.4
"36051",19.9,81.2,63.6
"36053",19.5,83.5,63.5
"36055",20.3,85.5,65.3
"36057",19.9,84,64.3
"36059",22.3,89.8,69.8
"36061",24.7,79,71.4
"36063",21.9,78.8,66.6
"36065",19.8,84,64.1
"36067",20.9,83.3,65.9
"36069",21,80,65.3
"36071",22.8,80.2,68.4
"36073",21.5,81.3,66.4
"36075",20.9,83.3,65.9
"36077",20,83.9,64.4
"36079",22.7,81.1,68.5
"36081",24.7,79,71.4
"36083",19.7,83.7,63.9
"36085",22.6,89,70.2
"36087",23.7,79,69.7
"36089",18.5,80.8,61.1
"36091",20.2,82.7,64.5
"36093",21.2,82.6,66.2
"36095",19.5,83.7,63.5
"36097",20.8,79.7,64.9
"36099",21.2,80.7,65.8
"36101",20.3,80.7,64.2
"36103",21.8,90.8,69.2
"36105",21.3,81.3,66.1
"36107",20.7,81.8,65.2
"36109",20.6,80.7,64.7
"36111",21.8,81.4,67
"36113",19.2,82.4,62.7
"36115",20.1,82.8,64.4
"36117",21.1,82.9,66.1
"36119",23.3,82.9,69.9
"36121",19.9,79.6,63.3
"36123",20.9,80.6,65.2
"37001",26.4,72.2,72.6
"37003",26.3,71,72.1
"37005",22.9,72.7,66.8
"37007",27.3,72,74.1
"37009",20,79.8,63.5
"37011",20,79.8,63.5
"37013",26.5,82.5,75.4
"37015",26.6,80.7,75.1
"37017",26.9,80,75.5
"37019",26.7,84.5,76.3
"37021",20.1,79.8,63.7
"37023",26.3,71.1,72.2
"37025",26.8,71.9,73.2
"37027",24.8,71.4,69.7
"37029",26.4,82.5,75.2
"37031",26.8,84.9,76.6
"37033",26.3,72.1,72.4
"37035",26.3,71.1,72.2
"37037",26.9,73.8,73.9
"37039",21.8,81,66.9
"37041",26.6,80.7,75.1
"37043",21.2,80.2,65.7
"37045",25.7,70.7,71
"37047",27,79.7,75.6
"37049",26.5,82.2,75.3
"37051",26.9,77,74.7
"37053",26.3,84,75.5
"37055",26.4,84.9,75.9
"37057",26.7,72.4,73.2
"37059",26.1,70.7,71.7
"37061",27,79.6,75.5
"37063",26.5,75.2,73.6
"37065",26.6,80,75
"37067",25.8,71.8,71.5
"37069",26.5,75.3,73.6
"37071",27,71.8,73.5
"37073",26.5,80.6,74.9
"37075",21.9,79.9,66.8
"37077",26.4,73.7,73
"37079",26.6,81,75.2
"37081",26,70.8,71.6
"37083",26.6,80,75
"37085",27.1,75.9,74.8
"37087",20,81.4,63.9
"37089",23,75.9,67.8
"37091",26.7,77.8,74.6
"37093",27.2,72.9,74.1
"37095",26.6,83.3,75.8
"37097",26.2,70.9,71.9
"37099",20.1,82,64.2
"37101",26.6,79.3,74.8
"37103",27,81.3,76
"37105",27.1,75.9,74.8
"37107",26.7,80.9,75.4
"37109",26.3,71.1,72.2
"37111",25.7,71.9,71.4
"37113",21.2,80.2,65.7
"37115",20.2,79.9,63.9
"37117",26.6,80.2,75
"37119",26.9,71.7,73.3
"37121",20.1,79.8,63.7
"37123",27.1,73.9,74.2
"37125",26.8,71.4,73.1
"37127",26.5,75.3,73.6
"37129",27,84.2,76.7
"37131",26.7,77.5,74.5
"37133",27.1,81.4,76.2
"37135",26.4,72.2,72.6
"37137",26.7,83.2,75.9
"37139",26.3,84,75.5
"37141",26.8,83.5,76.2
"37143",26.7,80.7,75.3
"37145",26.2,72.2,72.3
"37147",26.6,80.5,75.1
"37149",26.6,70.9,72.6
"37151",26.5,72.9,73
"37153",27.5,73.5,74.8
"37155",27.2,76.5,75.1
"37157",26.3,71.5,72.3
"37159",26.8,72.1,73.3
"37161",25.7,70.7,71
"37163",26.9,77,74.7
"37165",27.2,76.5,75.1
"37167",26.8,71.9,73.2
"37169",25.8,71.8,71.5
"37171",26,71.4,71.7
"37173",21.7,81.4,66.8
"37175",20.1,81.3,64
"37177",26.6,81.8,75.4
"37179",27.3,72,74.1
"37181",26.4,75.1,73.4
"37183",26.7,74.4,73.7
"37185",26.4,73.7,73
"37187",26.6,80.7,75.1
"37189",20,79.8,63.5
"37191",26.6,81.5,75.3
"37193",25.9,72.4,71.8
"37195",26.6,81.2,75.3
"37197",26.2,70.9,71.9
"37199",20.1,79.8,63.7
"38001",27.4,39.7,64.9
"38003",27.3,39.7,64.8
"38005",27,39.4,64.2
"38007",27.6,36.2,64
"38009",26.9,39,63.9
"38011",27.3,37.5,64
"38013",27.1,37.5,63.7
"38015",26.7,42.6,64.8
"38017",27.2,43.2,65.7
"38019",25.7,41.2,62.9
"38021",27.2,44.1,66
"38023",27.1,36,63.2
"38025",27.2,38.6,64.3
"38027",27.2,38.9,64.4
"38029",27,44.6,65.9
"38031",27.2,38.9,64.4
"38033",27.2,35.6,63.2
"38035",27.3,38.3,64.3
"38037",27.6,41,65.6
"38039",26.8,39.4,63.9
"38041",27.2,39.2,64.5
"38043",26.6,42.5,64.6
"38045",26.7,43.3,65
"38047",26.7,44.4,65.4
"38049",27.1,39.9,64.5
"38051",26.9,44.1,65.6
"38053",28.2,33.6,64
"38055",27.2,40.9,65
"38057",27.2,39.4,64.5
"38059",27.3,42.9,65.8
"38061",26.8,38.6,63.7
"38063",26.7,39.4,63.8
"38065",27.1,41.4,65
"38067",27,39,64.1
"38069",26.9,39.6,64.1
"38071",26.4,40.4,63.7
"38073",27.1,44.7,66
"38075",27.2,39.4,64.5
"38077",27.5,44.9,66.7
"38079",26.1,38.4,62.6
"38081",27.1,45.2,66.2
"38083",26.6,41.6,64.3
"38085",27.9,42.9,66.7
"38087",27.1,36.9,63.5
"38089",27.3,38.2,64.3
"38091",26.8,39.4,63.9
"38093",26.8,40.2,64.2
"38095",26.1,41.2,63.5
"38097",27.5,39.4,65
"38099",27.2,39.3,64.5
"38101",26.8,40.9,64.4
"38103",27.1,40,64.6
"38105",27,36.8,63.4
"39001",24,77.2,69.8
"39003",23.6,76.5,68.9
"39005",22.4,77.3,67.1
"39007",22.2,78.6,67
"39009",24.8,73.9,70.3
"39011",23.6,76.5,68.9
"39013",23.1,73.2,67.3
"39015",24,77,69.7
"39017",23.8,78.4,69.7
"39019",23,72.6,67
"39021",23,77.4,68.1
"39023",23.1,76.4,68
"39025",24.1,77.2,70
"39027",23.8,77.5,69.5
"39029",23.2,73.2,67.4
"39031",23.3,74,67.8
"39033",22.5,77.5,67.3
"39035",22.9,77,67.8
"39037",23.8,77,69.4
"39039",23.9,75.5,69.2
"39041",22.9,76.2,67.7
"39043",23.8,77.4,69.5
"39045",23.8,74.3,68.7
"39047",23.8,75.7,69.1
"39049",23.3,74.7,68
"39051",23.7,76.4,69.1
"39053",24.8,74.5,70.5
"39055",21.9,77.2,66.2
"39057",23.7,77.2,69.3
"39059",23.8,73.1,68.4
"39061",24.7,77.7,71.1
"39063",23.3,76.8,68.5
"39065",23.5,76,68.6
"39067",23,72.6,67
"39069",23.9,75.5,69.2
"39071",23.9,76.8,69.5
"39073",23.8,74.3,68.7
"39075",23.4,72.7,67.7
"39077",23,77.9,68.2
"39079",24.8,74.5,70.5
"39081",23.4,72.8,67.7
"39083",23.3,74,67.8
"39085",22.2,78.8,67.1
"39087",24.9,75.5,70.9
"39089",23.2,75.8,68.1
"39091",23.1,76.5,68.1
"39093",22.8,78.2,68
"39095",23.5,76.4,68.7
"39097",23.8,75.7,69.1
"39099",22.1,76,66.2
"39101",23.4,76.8,68.7
"39103",22.4,76,66.8
"39105",24.8,73.9,70.3
"39107",23.6,77.1,69.1
"39109",23.3,77.2,68.6
"39111",23,75.1,67.6
"39113",23.7,77.6,69.4
"39115",23.8,73.1,68.4
"39117",23.4,76.8,68.7
"39119",23.6,72.9,68.1
"39121",23.8,73.9,68.6
"39123",23.8,77.4,69.5
"39125",24,75.9,69.5
"39127",23.8,73.7,68.6
"39129",23.8,74.6,68.8
"39131",24.1,74.9,69.4
"39133",22.2,76.1,66.4
"39135",23.7,77.6,69.4
"39137",24,76.2,69.5
"39139",22.4,77.3,67.1
"39141",24,74.6,69.1
"39143",23.7,77.1,69.2
"39145",24.9,74.5,70.7
"39147",23.3,76.8,68.5
"39149",23.7,77.2,69.3
"39151",22.4,75.2,66.6
"39153",22.3,75.9,66.6
"39155",22.1,76,66.2
"39157",22.6,74.2,66.7
"39159",23.1,75.5,67.8
"39161",23.5,77.3,69
"39163",23.9,74.5,69
"39165",23.8,77.5,69.5
"39167",23.9,75.1,69.1
"39169",22.4,76,66.8
"39171",23,77.1,68
"39173",23.6,76.2,68.9
"39175",23.4,76.8,68.7
"40001",25.9,74.5,72.4
"40003",29.2,59.4,73.7
"40005",28,70.8,74.9
"40007",28,53,69.9
"40009",28.3,59,72.2
"40011",28.2,61,72.6
"40013",28.2,69.2,74.8
"40015",27.7,63.9,72.6
"40017",27.5,64.3,72.3
"40019",28.7,63.7,74.1
"40021",25.9,74.5,72.4
"40023",27.8,70.6,74.5
"40025",27.5,47.6,67.5
"40027",27.3,68.5,73.1
"40029",28,70.8,74.9
"40031",28.8,62.7,74
"40033",29.6,61.5,75
"40035",26.5,74.5,73.4
"40037",26.9,73.2,73.7
"40039",28,63,72.8
"40041",26.6,74.3,73.5
"40043",27.9,59.8,71.7
"40045",27.9,56.7,70.9
"40047",28.4,62.5,73.3
"40049",28.3,66.8,74.3
"40051",27.7,66.8,73.4
"40053",28.6,61.6,73.4
"40055",29.2,58.1,73.3
"40057",29.4,57.4,73.5
"40059",28.5,55.8,71.5
"40061",27.3,73.7,74.5
"40063",27.7,72.2,74.8
"40065",29.7,59.6,74.6
"40067",28.8,64.8,74.6
"40069",28.3,69.8,75.2
"40071",27.7,65.5,73
"40073",28.2,64.3,73.5
"40075",28.4,60.6,72.8
"40077",26.9,72.8,73.6
"40079",26.5,74.8,73.5
"40081",27.4,70.9,74
"40083",28.1,67.9,74.3
"40085",29.2,61.4,74.3
"40087",27.7,66.8,73.4
"40089",27.5,76.8,75.7
"40091",27.5,73,74.7
"40093",28.6,58.8,72.6
"40095",29,65.9,75.3
"40097",26.6,74.2,73.5
"40099",28.7,64.1,74.3
"40101",27.4,73.6,74.7
"40103",27.6,66.2,73
"40105",26.6,74.6,73.6
"40107",27.2,72.2,74
"40109",27.5,68,73.3
"40111",27.4,73.9,74.7
"40113",26.8,74.6,73.9
"40115",26.5,74.6,73.4
"40117",27.3,71.9,74
"40119",27.6,70.2,74.1
"40121",26.9,72.8,73.6
"40123",27.4,67.5,73
"40125",27,69.8,73
"40127",26.9,73,73.7
"40129",28,60.6,72.1
"40131",27.2,74.2,74.5
"40133",27.3,72.2,74.1
"40135",26.1,73.9,72.5
"40137",28.4,63.3,73.5
"40139",28.1,50.1,69.2
"40141",29.4,59.9,74.2
"40143",27.2,74.7,74.6
"40145",27.3,74.1,74.6
"40147",27.2,74.9,74.7
"40149",28.1,59.4,71.9
"40151",28.7,57.9,72.5
"40153",28.2,57.9,71.7
"41001",23,31.2,55.9
"41003",18.1,74.4,59.1
"41005",17.3,74.1,57.6
"41007",15.2,84.1,56.1
"41009",16.5,80.2,57.5
"41011",15.7,87.6,57.7
"41013",22.2,34.9,55.9
"41015",18.8,66.1,58.4
"41017",21.4,41.6,56.7
"41019",19.9,64.4,59.9
"41021",26.4,28.2,59.5
"41023",21.3,36.1,55
"41025",24,28.6,56.4
"41027",18.1,67.6,57.6
"41029",21.5,57.4,60.8
"41031",17.9,48.3,53
"41033",20.4,59.3,59.5
"41035",20.9,39.8,55.4
"41037",23.8,28.2,56
"41039",18.9,69.5,59.3
"41041",13.8,94.7,55.7
"41043",18.1,69.5,58
"41045",31,21.8,62.7
"41047",20.3,69.2,61.6
"41049",29.3,22.9,61.1
"41051",20.2,70.1,61.7
"41053",20.3,69.2,61.6
"41055",25.5,34.5,60.5
"41057",14.4,93.4,56.5
"41059",27.8,24.1,59.7
"41061",23.6,29,56
"41063",23.4,34.8,57.6
"41065",22.6,38.1,57.4
"41067",20.2,70.1,61.7
"41069",22.5,37.7,57.2
"41071",19.6,71,60.9
"42001",24.4,72.8,69.4
"42003",23.5,71.5,67.5
"42005",22.2,75,66.2
"42007",23.5,71.5,67.5
"42009",23.5,68.7,66.9
"42011",23.8,77.1,69.4
"42013",21.3,74.8,64.6
"42015",21,82,65.7
"42017",24.2,78.1,70.3
"42019",22.2,75,66.2
"42021",22.5,70.8,65.7
"42023",21,78.2,64.9
"42025",21.3,79.2,65.6
"42027",21.2,77.9,65.1
"42029",24.9,77.2,71.3
"42031",22.1,76.2,66.3
"42033",21.5,76.7,65.4
"42035",21.1,78.2,65
"42037",21.8,79.4,66.5
"42039",21.7,76.5,65.7
"42041",24.4,72.8,69.4
"42043",23.9,75.5,69.2
"42045",24.9,77.2,71.3
"42047",20.5,77.9,63.9
"42049",21.9,82.5,67.4
"42051",23,74.4,67.4
"42053",20.8,79.9,64.9
"42055",23.5,69.7,67.1
"42057",24.5,67.2,68.1
"42059",23.1,73.4,67.3
"42061",22.9,72.3,66.7
"42063",22.7,74.8,67
"42065",21.1,78.5,65.1
"42067",23.3,74.3,67.9
"42069",21.5,81.1,66.4
"42071",23.9,76.4,69.4
"42073",23.1,72.9,67.2
"42075",23.9,76.4,69.4
"42077",23.7,77.5,69.3
"42079",21.7,80.3,66.6
"42081",21.8,78.4,66.3
"42083",19.6,81.1,63.1
"42085",21.8,76.9,65.9
"42087",23.3,74.3,67.9
"42089",22.3,80.8,67.7
"42091",24.9,77.2,71.3
"42093",22.8,78,67.9
"42095",22.7,79.7,68.1
"42097",22.8,78,67.9
"42099",24.2,73.9,69.3
"42101",24.8,78.1,71.4
"42103",21.5,81.3,66.4
"42105",19.3,79.8,62.3
"42107",23.1,76.6,68.1
"42109",23,76.3,67.9
"42111",21.2,73.6,64.2
"42113",21.3,81.5,66.1
"42115",20.2,83.3,64.6
"42117",20.3,80.7,64.2
"42119",21.9,78.2,66.4
"42121",21.8,76.9,65.9
"42123",20.5,80.2,64.5
"42125",23.9,69.6,67.7
"42127",20.5,82.6,65
"42129",21.6,74.8,65.1
"42131",21.7,80.3,66.6
"42133",24.1,74.9,69.4
"44001",22.1,86.5,68.7
"44003",22.4,86.4,69.2
"44005",22.1,86.5,68.7
"44007",22.4,86.4,69.2
"44009",22.4,86.1,69.1
"45001",27.2,73.7,74.4
"45003",27.7,73.1,75
"45005",27.6,79.2,76.5
"45007",27.1,73.5,74.1
"45009",27.4,79,76.1
"45011",28,75.1,76.1
"45013",27.4,84,77.4
"45015",27.4,82.4,77
"45017",27.7,74.7,75.5
"45019",27.4,82.4,77
"45021",27,72.2,73.6
"45023",27,71.6,73.5
"45025",27.8,72,74.9
"45027",27.5,78,76
"45029",27.6,81.2,77
"45031",27.5,77.1,75.8
"45033",27,80,75.6
"45035",27.5,82,77
"45037",27.9,72.5,75.2
"45039",27.4,73,74.5
"45041",27.4,77.8,75.8
"45043",27,83.6,76.6
"45045",26.7,72.4,73.2
"45047",27.3,71.8,74
"45049",27.6,79.2,76.5
"45051",27,79.9,75.6
"45053",27.5,81.2,76.8
"45055",28,68.8,74.4
"45057",27.8,70.5,74.5
"45059",27.1,72.5,73.9
"45061",27.9,72.8,75.3
"45063",27.7,72.6,74.9
"45065",27.6,74.5,75.2
"45067",27.2,78.8,75.7
"45069",27.4,74.4,74.9
"45071",27.6,72.5,74.7
"45073",26.6,73.4,73.3
"45075",27.4,79,76.1
"45077",25.8,73.4,71.9
"45079",27.8,73.3,75.3
"45081",27.5,70,73.9
"45083",27.2,71.8,73.9
"45085",28.1,71.8,75.4
"45087",27.2,71.3,73.7
"45089",27.1,79.4,75.7
"45091",27,71.8,73.5
"46003",27.6,51.8,69
"46005",26.5,53.1,67.6
"46007",26.1,49.1,65.8
"46009",26.5,58.1,69
"46011",25.3,53.2,65.8
"46013",27.9,45.8,67.6
"46015",27.6,52,69
"46017",27,50.6,67.7
"46019",27.8,39.8,65.5
"46021",27.4,46,66.9
"46023",27.2,54,69
"46025",25.9,54.2,67
"46027",26.1,58.3,68.4
"46029",25,54,65.5
"46031",28,43.5,67
"46033",26.5,42.2,64.4
"46035",27.5,53,69.2
"46037",26.7,48.1,66.5
"46039",25.2,52,65.3
"46041",28.1,45.3,67.7
"46043",26.9,54.5,68.6
"46045",27,46.6,66.5
"46047",27.7,43,66.4
"46049",27.2,47.4,67
"46051",25.1,52.4,65.2
"46053",27.4,51.7,68.6
"46055",28.6,43.2,67.8
"46057",25.2,54.7,66
"46059",27.7,48.2,68
"46061",27.5,53,69.2
"46063",27.5,38.2,64.6
"46065",28.2,48.2,68.8
"46067",26.4,56.4,68.4
"46069",27.9,48.4,68.4
"46071",28.6,44.9,68.4
"46073",26.9,52.9,68.2
"46075",28.5,46.6,68.8
"46077",26.1,54.6,67.4
"46079",26.2,54.4,67.5
"46081",21.1,47.1,57.6
"46083",26.2,58.3,68.6
"46085",28.3,49.6,69.4
"46087",26,55.5,67.5
"46089",27,45.6,66.2
"46091",27.5,45.2,66.8
"46093",28.6,39.9,66.7
"46095",27.8,48.8,68.4
"46097",26.1,54.6,67.4
"46099",26,55.5,67.5
"46101",25.5,56.7,67
"46102",28.6,42.9,67.7
"46103",28.8,41,67.4
"46105",27.8,40,65.6
"46107",27.2,47.4,67
"46109",26.3,50.1,66.4
"46111",27.5,52,68.9
"46115",27.7,49,68.3
"46117",28.4,45.6,68.3
"46119",27.5,47.2,67.4
"46121",26.6,53,67.7
"46123",27.7,51.4,69
"46125",26.5,57.7,68.9
"46127",26.4,58.1,68.8
"46129",27.4,46,66.9
"46135",26.9,56.6,69.2
"46137",28.4,42.9,67.4
"47001",25.2,74.3,71.1
"47003",25.7,76.4,72.5
"47005",26.5,78.6,74.4
"47007",25,76.5,71.3
"47009",21.9,79.9,66.8
"47011",24.3,77.3,70.3
"47013",24,77.2,69.8
"47015",25.7,76.2,72.4
"47017",26.5,76.7,73.9
"47019",20,80.1,63.6
"47021",26.1,77,73.3
"47023",26.8,77.5,74.7
"47025",24,76.8,69.7
"47027",25.3,78.3,72.3
"47029",20.9,79.5,65
"47031",25.6,76.7,72.4
"47033",27,76,74.6
"47035",24.1,77.8,70.1
"47037",26.4,74.5,73.2
"47039",26.1,79.3,73.9
"47041",25.6,77,72.5
"47043",26.1,77,73.3
"47045",27.5,75.6,75.4
"47047",26.7,78.2,74.7
"47049",24.9,77.1,71.3
"47051",24.9,77.7,71.5
"47053",26.7,77.6,74.5
"47055",25.6,77.3,72.6
"47057",25.3,73.5,71.1
"47059",24.6,73.7,69.9
"47061",24.3,77.2,70.3
"47063",25.3,74.1,71.2
"47065",25.3,75.1,71.5
"47067",24.5,73.6,69.7
"47069",26.8,77.6,74.7
"47071",26.8,77.7,74.7
"47073",24.5,73.6,69.7
"47075",26.8,77.2,74.6
"47077",26.7,77.8,74.6
"47079",26.8,77.1,74.6
"47081",25.6,77.3,72.6
"47083",26,78.5,73.5
"47085",26.5,78.6,74.4
"47087",25.3,78.3,72.3
"47089",25.3,74.1,71.2
"47091",21.8,77.4,66.1
"47093",25.2,74.3,71.1
"47095",27.4,75.5,75.2
"47097",27,76,74.6
"47099",25.7,77,72.6
"47101",25.6,77.8,72.7
"47103",25.6,77,72.5
"47105",25.3,74,71.2
"47107",26.1,74.7,72.7
"47109",26.8,77.1,74.6
"47111",26.1,76.7,73.3
"47113",26.7,77.8,74.6
"47115",25,76.6,71.3
"47117",25.7,76.3,72.5
"47119",25.6,77.3,72.6
"47121",26.1,73.5,72.4
"47123",24.3,77.5,70.4
"47125",26.1,77,73.3
"47127",25.6,77,72.5
"47129",24,77.8,69.9
"47131",26.8,77.5,74.7
"47133",24.9,77.1,71.3
"47135",26.1,79.5,74
"47137",24,77.7,69.9
"47139",24.4,77.3,70.5
"47141",24.2,77.5,70.2
"47143",24.2,77.1,70.1
"47145",25.1,75.3,71.2
"47147",26.2,76,73.2
"47149",25.7,76.4,72.5
"47151",24.6,77.7,70.9
"47153",25,76.5,71.3
"47155",20.1,81.4,64
"47157",27.3,75,74.9
"47159",26.1,77.1,73.4
"47161",26.6,77.9,74.4
"47163",23.6,75.2,68.6
"47165",26.4,75,73.3
"47167",27.4,76.7,75.5
"47169",26.1,76.7,73.3
"47171",20.8,80.2,65
"47173",25.3,73.6,71.1
"47175",24.1,77.7,70.1
"47177",24.2,77.3,70.2
"47179",24.4,75.5,70
"47181",25.7,77.2,72.7
"47183",26.7,77.6,74.5
"47185",25.6,77,72.5
"47187",26.3,75.3,73.2
"47189",26.3,75.9,73.4
"48001",28,74.9,76
"48003",27.7,49.1,68.3
"48005",28.2,76.7,76.9
"48007",28.6,84.1,79.5
"48009",30.1,58.1,74.8
"48011",26.7,54.6,68.3
"48013",28.9,71.8,76.7
"48015",28.2,77.2,77
"48017",26.2,53.5,67.3
"48019",26.7,67.9,72
"48021",28.8,69.8,76
"48023",29.7,57.9,74.1
"48025",28,77.2,76.6
"48027",29.1,67.1,75.8
"48029",28.4,69,75.1
"48031",28.1,66.4,73.9
"48033",27.6,57.8,70.7
"48035",29.6,65.1,76
"48037",27.5,75.8,75.4
"48039",28.1,83.7,78.5
"48041",29,72.3,77
"48043",25.3,45.8,63.7
"48045",27.1,56.2,69.4
"48047",28.8,75.9,77.7
"48049",29.1,57.7,73.1
"48051",28.3,75.1,76.6
"48053",28.3,65.1,73.9
"48055",29,71.3,76.8
"48057",28.1,85.3,78.9
"48059",28.1,59.4,71.9
"48061",28.7,79.3,78.4
"48063",27.8,75.1,75.7
"48065",26.5,55.2,68.2
"48067",27.7,75.1,75.6
"48069",25.8,55.8,67.3
"48071",28.9,81.6,79.4
"48073",28,74.9,76
"48075",29.7,56.5,73.7
"48077",29.9,59.1,74.8
"48079",26.5,51.9,67.3
"48081",28.1,57.3,71.3
"48083",28.6,57.1,72.1
"48085",29.7,60.9,75
"48087",27.8,58.5,71.2
"48089",27.8,82.7,77.7
"48091",28.3,69.7,75.1
"48093",28.8,62.4,73.9
"48095",28.5,57.5,72
"48097",29.3,60.6,74.2
"48099",29,64.5,74.9
"48101",29.3,54.6,72.5
"48103",29.5,47.1,70.4
"48105",28.4,51.5,70.1
"48107",27.1,55.9,69.4
"48109",29.8,39.4,68.3
"48111",27.2,49.2,67.6
"48113",30,60.9,75.5
"48115",27.4,54.2,69.3
"48117",26,55.7,67.5
"48119",28,69.6,74.6
"48121",29.7,62.4,75.4
"48123",28.2,76.3,76.7
"48125",27.6,56.8,70.4
"48127",30.5,59.4,75.8
"48129",26.6,58.6,69.3
"48131",28.1,72.8,75.6
"48133",28.6,59.8,72.9
"48135",28.8,46.3,69.1
"48137",29,54.6,72
"48139",29.8,65,76.3
"48141",27.9,40.4,65.9
"48143",29,60.7,73.8
"48145",28.8,72.3,76.7
"48147",28.5,67.3,74.8
"48149",28.1,76.4,76.6
"48151",28.9,56.7,72.5
"48153",27,56.9,69.5
"48155",29.7,55,73.2
"48157",28.2,80.9,78
"48159",27.8,75.1,75.7
"48161",28.2,74.5,76.3
"48163",29.1,67.9,76
"48165",27.5,51,68.6
"48167",28.8,82.3,79.4
"48169",27.4,57.9,70.4
"48171",26.7,66.7,71.7
"48173",28.3,53.2,70.5
"48175",28,81.9,77.9
"48177",28.4,74.7,76.7
"48179",26.5,55.2,68.2
"48181",29.7,61.9,75.3
"48183",28,74.7,76
"48185",29,72.3,77
"48187",28.9,71.9,76.7
"48189",27.1,56.5,69.5
"48191",29.3,55.9,72.9
"48193",28.6,63.5,73.9
"48195",27.5,52.4,69
"48197",29.4,56.6,73.2
"48199",28.1,80.5,77.7
"48201",28.6,78.1,77.9
"48203",27.7,75.9,75.8
"48205",27.2,49.7,67.7
"48207",29.3,56.3,73
"48209",28.5,68.3,75.1
"48211",27.7,59.2,71.2
"48213",28.2,73.9,76.1
"48215",28.8,75.4,77.5
"48217",29.4,65.6,75.8
"48219",27.2,54,69
"48221",29,64.3,74.8
"48223",28.1,69.1,74.6
"48225",28,75.8,76.3
"48227",27.7,55.5,70.2
"48229",28.3,38.4,65.8
"48231",28.8,67.7,75.4
"48233",27.8,51.8,69.3
"48235",28.5,55.7,71.5
"48237",30.3,56.2,74.5
"48239",27.9,83.2,78
"48241",28,81.2,77.7
"48243",24.3,45.8,62.1
"48245",28.1,85.2,78.9
"48247",28.7,72.1,76.5
"48249",28.3,77.5,77.2
"48251",29.6,63.4,75.5
"48253",29.7,54.8,73.2
"48255",28.2,75.5,76.5
"48257",29.9,62.3,75.7
"48259",26.9,69.8,72.8
"48261",28.5,80.9,78.5
"48263",29.2,55.4,72.5
"48265",26.2,66.7,70.8
"48267",27.8,60.8,71.9
"48269",29.5,56.1,73.2
"48271",30.5,53.7,74.1
"48273",28.4,79,77.8
"48275",29.5,56.1,73.2
"48277",27.9,70.3,74.6
"48279",27.2,54,69
"48281",28.7,63.4,74.1
"48283",29.7,67.4,76.8
"48285",28,77.5,76.7
"48287",28.6,73,76.5
"48289",28.2,74.7,76.3
"48291",28.3,79.3,77.7
"48293",28.8,68.3,75.6
"48295",27.4,56,69.9
"48297",28.6,74.3,76.9
"48299",28.3,65.7,74
"48301",30.5,38.8,69.1
"48303",26.6,54.8,68.2
"48305",27.2,55.4,69.4
"48307",29.1,57.5,73
"48309",28.8,68.3,75.6
"48311",28.9,71.8,76.7
"48313",28.5,73.5,76.5
"48315",27.8,77.2,76.3
"48317",28.3,54.1,70.7
"48319",27.3,63.8,71.9
"48321",28,85.3,78.8
"48323",30.7,56.1,75.1
"48325",28.6,67.8,75.1
"48327",28.4,57.7,71.9
"48329",28.6,51.7,70.5
"48331",29,70.9,76.6
"48333",28.1,62.7,72.9
"48335",28.1,57.6,71.4
"48337",30,57.5,74.4
"48339",28.3,77.5,77.2
"48341",27.5,50.5,68.4
"48343",27.6,75.8,75.6
"48345",28.5,55,71.3
"48347",28,75.3,76.1
"48349",29.3,67.6,76.2
"48351",28,79.8,77.3
"48353",27.8,58.5,71.2
"48355",28.4,82.3,78.7
"48357",27.5,52.4,69
"48359",27.4,48.5,67.7
"48361",28.2,84.3,78.8
"48363",28.7,61.6,73.5
"48365",28.1,76.7,76.7
"48367",28.6,61.6,73.4
"48369",26.1,55.7,67.7
"48371",29.9,40.7,68.9
"48373",28.1,78.3,77.1
"48375",27.2,53.1,68.7
"48377",26.2,41.1,63.6
"48379",28.9,67.5,75.5
"48381",27.2,53.1,68.7
"48383",28.3,52.1,70.1
"48385",26.3,66,70.8
"48387",27.6,75.1,75.4
"48389",29.8,38.4,68
"48391",28.1,84.3,78.7
"48393",27.8,54.9,70.2
"48395",28.5,73.5,76.5
"48397",30.4,60.3,75.9
"48399",28.7,58.3,72.6
"48401",28,74.7,76
"48403",28,78.3,76.9
"48405",27.9,79,76.9
"48407",28.4,76.8,77.2
"48409",28.3,81.4,78.3
"48411",28.3,61.7,72.9
"48413",28.1,56.4,71.1
"48415",27.4,57.7,70.3
"48417",28.2,59,72
"48419",28.1,77.2,76.8
"48421",27.7,50,68.6
"48423",27.9,74.7,75.8
"48425",29.2,63,74.8
"48427",29,70,76.4
"48429",29.4,58.9,73.9
"48431",28.3,56.8,71.5
"48433",29.7,55.5,73.4
"48435",27.9,57.1,71
"48437",26.2,57.7,68.4
"48439",29.7,62.5,75.4
"48441",28.4,58.5,72.2
"48443",29.2,47.7,70.2
"48445",27.5,51,68.6
"48447",29.3,59.9,74
"48449",27.9,74,75.6
"48451",28.1,56.5,71.1
"48453",28.8,66.3,75
"48455",28.2,76.6,76.8
"48457",28,81.2,77.7
"48459",27.7,75.9,75.8
"48461",28.9,49.5,70.3
"48463",30.2,58.6,75.1
"48465",31.2,46.6,72.9
"48467",28.5,68.4,75.1
"48469",27.9,82.9,78
"48471",28.4,75.5,76.9
"48473",28.1,78.9,77.3
"48475",30.8,40.2,70.1
"48477",28.2,77.2,77
"48479",29.6,62.6,75.3
"48481",27.9,83,78
"48483",27.8,58.8,71.3
"48485",29.9,59.1,74.8
"48487",30,57.8,74.5
"48489",28.5,80,78.2
"48491",29,65.2,75.1
"48493",28.6,74.3,76.9
"48495",28.8,46.3,69.1
"48497",30.2,56.6,74.5
"48499",28,74.1,75.8
"48501",27.5,52.5,69
"48503",29.4,58.4,73.8
"48505",29.6,63.5,75.6
"48507",30.7,59.4,76.1
"49001",26.6,28,59.7
"49003",30.6,21.1,61.9
"49005",27.4,27.6,60.6
"49007",20.7,35.3,53.9
"49009",21.2,30.1,53.1
"49011",30.1,23.8,62.5
"49013",12.9,44.1,44.6
"49015",27.7,25.8,60.3
"49017",20.9,38.9,55.2
"49019",23.6,31.1,56.7
"49021",26.5,31.2,60.7
"49023",26.1,29,59.4
"49025",23.6,34,57.6
"49027",27,24.3,58.8
"49029",22.9,33.7,56.6
"49031",20.7,39.4,55
"49033",23.2,31.4,56.3
"49035",26.9,29.3,60.6
"49037",24.1,31.1,57.4
"49039",23,32.1,56.2
"49041",22.6,35.3,56.6
"49043",15,43.8,47.7
"49045",31.7,19.1,62.2
"49047",28.5,24.6,60.8
"49049",25.5,34.5,60.5
"49051",20,38.2,53.7
"49053",31.2,25.7,64.8
"49055",31.2,22.3,63.2
"49057",23.9,29.2,56.5
"50001",18.5,82.4,61.5
"50003",18.8,83.9,62.3
"50005",18,83.4,60.8
"50007",20.4,79.5,64.1
"50009",17.5,85.1,60.3
"50011",18.7,82.1,61.8
"50013",20.7,77.7,64.2
"50015",18.6,83.1,61.8
"50017",18.8,84.5,62.5
"50019",17.7,83.2,60.3
"50021",19,84,62.7
"50023",18.7,84.2,62.2
"50025",19.2,84.2,63.1
"50027",19.2,84.2,63.1
"51001",25.9,81.5,74.1
"51003",26.6,61.8,70.2
"51005",23.3,66.8,66.1
"51007",26.1,75.7,73
"51009",26.3,61.8,69.7
"51011",25.7,71.3,71.2
"51013",26,74.6,72.5
"51015",22.6,64.9,64.4
"51017",23.3,67,66.1
"51019",25.4,70.3,70.4
"51021",22.6,70.7,65.8
"51023",24.3,66.6,67.7
"51025",26.6,75.4,73.8
"51027",24.3,70.9,68.7
"51029",26.1,71.3,71.9
"51031",25.8,71.9,71.5
"51033",25.9,73.6,72.1
"51035",22.7,71,66.1
"51036",26.3,77.6,73.8
"51037",25.8,71.9,71.5
"51041",26.1,75.7,73
"51043",25.6,65.2,69.5
"51045",24.2,67.6,67.7
"51047",26.5,64.6,70.8
"51049",26.1,73,72.3
"51051",24.3,71.6,68.9
"51053",26.3,75.8,73.4
"51057",26.1,77.2,73.4
"51059",25.8,69.6,70.9
"51061",26.1,62.8,69.6
"51063",22.6,71.7,66.1
"51065",26.1,70.2,71.6
"51067",25.4,70.3,70.4
"51069",24.8,64.8,68
"51071",22.5,70.3,65.6
"51073",26.5,80.5,74.9
"51075",26.1,74.9,72.8
"51077",22,72.6,65.3
"51079",24.6,60.1,66.5
"51081",26.7,77.5,74.5
"51083",26.4,72.9,72.8
"51085",26,74.6,72.5
"51087",26.3,77.2,73.7
"51089",25.6,70.8,70.9
"51091",20,73.5,62.1
"51093",26.5,78.5,74.4
"51095",26.5,80.5,74.9
"51097",26.1,78.4,73.7
"51099",25.9,74.9,72.5
"51101",26,77.4,73.3
"51103",27.1,78.4,75.4
"51105",23.1,72.5,67.1
"51107",25.8,69.6,70.9
"51109",25.9,74.6,72.4
"51111",26.2,74.3,72.8
"51113",24.6,60.1,66.5
"51115",26,83.1,74.7
"51117",26.4,73.7,73
"51119",26.5,80.5,74.9
"51121",22.5,71.1,65.8
"51125",26.8,62.4,70.7
"51127",26.1,78.4,73.7
"51131",25.4,86.3,74.4
"51133",27.1,78.4,75.4
"51135",26.1,74.2,72.6
"51137",26.1,68.4,71.1
"51139",26.3,56.8,68.3
"51141",23.6,71.4,67.7
"51143",25.6,69.8,70.6
"51145",26.1,74.9,72.8
"51147",25.8,71.3,71.4
"51149",26.4,77.8,74.1
"51153",25.9,72.2,71.8
"51155",22.6,71.7,66.1
"51157",26.3,56.8,68.3
"51159",26.1,77.2,73.4
"51161",24.2,67.6,67.7
"51163",22.9,64.3,64.8
"51165",24.8,59.2,66.6
"51167",22.6,75.4,67
"51169",24.4,74.8,69.9
"51171",24.4,59.9,66.1
"51173",21.3,72.8,64.1
"51175",26.7,77.8,74.6
"51177",26.1,68.4,71.1
"51179",26.1,71.5,71.9
"51181",26.5,78.5,74.4
"51183",26.4,78.4,74.2
"51185",21.3,72.8,64.1
"51187",26.3,56.8,68.3
"51191",22.6,75.4,67
"51193",27.2,78.1,75.5
"51195",23.1,71.4,66.8
"51197",22,72.6,65.3
"51199",26.2,82.6,74.9
"51510",26,74.6,72.5
"51520",23.6,75.2,68.6
"51530",22.9,64.3,64.8
"51540",26.6,61.8,70.2
"51550",26.4,81.9,75.1
"51570",26.4,77.8,74.1
"51580",23.3,66.8,66.1
"51590",26.2,71.9,72.2
"51595",26.7,77.5,74.5
"51600",25.8,69.6,70.9
"51610",26,74.6,72.5
"51620",26.7,77.8,74.6
"51630",25.9,74.9,72.5
"51640",22.7,71,66.1
"51650",26.2,82.6,74.9
"51660",24.8,59.2,66.6
"51670",26.3,77.2,73.7
"51678",22.9,64.3,64.8
"51680",26.3,61.8,69.7
"51683",25.9,72.2,71.8
"51685",25.9,72.2,71.8
"51690",25.6,70.8,70.9
"51700",26.2,82.6,74.9
"51710",26.4,81.9,75.1
"51720",23.1,71.4,66.8
"51730",26.4,77.8,74.1
"51735",26.2,82.6,74.9
"51740",26.4,81.9,75.1
"51750",22.5,71.1,65.8
"51760",26.3,77.2,73.7
"51770",24.2,67.6,67.7
"51775",24.2,67.6,67.7
"51790",25.1,58.4,66.8
"51800",26.6,78.5,74.6
"51810",25.9,85.4,75.1
"51820",25.1,58.4,66.8
"51830",26.5,80.5,74.9
"51840",25.6,65.2,69.5
"53001",28,23.5,59.7
"53003",23.8,26.7,55.5
"53005",28,23.5,59.7
"53007",17.4,52.5,53.2
"53009",15.2,87.6,56.8
"53011",18.8,77.2,60.9
"53013",22.1,29.8,54.3
"53015",16.8,82.8,58.6
"53017",25.6,31.3,59.5
"53019",25.4,32.8,59.8
"53021",29.8,20.4,60.6
"53023",27.1,22.7,58.2
"53025",26.4,28.1,59.5
"53027",15.3,88.2,57.1
"53029",16.1,86.5,58.1
"53031",13.8,93.7,55.5
"53033",19.3,79.1,62.1
"53035",20.2,74.9,62.7
"53037",19.8,46.9,55.6
"53039",24.8,36.5,60.1
"53041",16.4,77.2,56.8
"53043",26.1,29.4,59.5
"53045",17.5,80.4,59.3
"53047",18.6,49.7,54.4
"53049",15.4,87.7,57.2
"53051",22.3,46.5,59.3
"53053",13.9,63.7,49.9
"53055",15.8,86.4,57.6
"53057",14.8,72.9,53.2
"53059",17.4,68.2,56.6
"53061",19.4,81.1,62.8
"53063",26.8,25.8,59.1
"53065",22.3,44.3,58.7
"53067",18.4,79.8,60.7
"53069",15.4,84.2,56.5
"53071",30,20,60.6
"53073",14.6,68.1,51.9
"53075",29.4,20.2,60
"53077",24.9,31.8,58.7
"54001",23.1,77.7,68.4
"54003",25.2,67.2,69.3
"54005",24.4,77.9,70.6
"54007",23.5,77.6,69
"54009",23.4,72.8,67.7
"54011",24.4,76.8,70.4
"54013",23.9,77,69.6
"54015",24,78.7,70.1
"54017",23.7,78.2,69.5
"54019",22.5,77.4,67.3
"54021",24,78.7,70.1
"54023",21.4,71.1,63.9
"54025",21.9,72.5,65.1
"54027",24.8,64.8,68
"54029",23.5,71.5,67.5
"54031",23.6,64,65.9
"54033",23.3,76.9,68.5
"54035",24.9,74.4,70.6
"54037",25.6,65.2,69.5
"54039",24.4,75.8,70.1
"54041",22.8,77.4,67.8
"54043",24.5,76.9,70.6
"54045",23.6,74.7,68.5
"54047",22.5,73.2,66.3
"54049",23,76.9,68
"54051",23,75.1,67.6
"54053",24.9,74.4,70.6
"54055",22.5,71.4,65.8
"54057",24.8,64.8,68
"54059",24.4,74.8,69.9
"54061",23,76.9,68
"54063",22.3,70.4,65.3
"54065",25.3,66.6,69.3
"54067",20.1,77.5,63.2
"54069",23.1,73.2,67.3
"54071",20.4,73.4,62.7
"54073",23.9,75.1,69.1
"54075",19.8,76.2,62.4
"54077",21.8,77.9,66.2
"54079",24.4,75.8,70.1
"54081",22,73.3,65.4
"54083",18.8,78.9,61.2
"54085",23.9,75.1,69.1
"54087",24.2,77.1,70.1
"54089",22.5,70.3,65.6
"54091",23.1,77.7,68.4
"54093",19.5,78.4,62.3
"54095",23.6,77.1,69.1
"54097",22.8,77.4,67.8
"54099",24.6,76.4,70.6
"54101",19.2,78,61.7
"54103",23,75.1,67.6
"54105",23.9,77,69.6
"54107",23.9,75.1,69.1
"54109",23.9,74,68.8
"55001",22.4,76.1,66.8
"55003",18.9,76.1,60.8
"55005",22.7,66.6,65
"55007",20.7,77.8,64.3
"55009",21.1,76.6,64.7
"55011",24,64.5,66.6
"55013",24.4,57,65.3
"55015",21.3,77.3,65.2
"55017",23.5,66.3,66.3
"55019",22.1,72.6,65.4
"55021",22.5,75.7,66.9
"55023",23.8,70.9,67.9
"55025",24.1,68.9,67.9
"55027",22.6,73.6,66.5
"55029",19.6,80.9,63.1
"55031",21.4,71.3,64
"55033",22.8,67.3,65.3
"55035",23.2,69.1,66.5
"55037",20.5,76,63.5
"55039",22.2,75.1,66.2
"55041",20.2,77.3,63.3
"55043",24.7,66.4,68.3
"55045",24.1,68.9,67.9
"55047",22.2,76.3,66.5
"55049",24.1,68.2,67.7
"55051",20.1,75.2,62.6
"55053",23.1,70.7,66.7
"55055",23.7,69,67.3
"55057",22.9,73.2,66.9
"55059",22.8,75.9,67.4
"55061",19.9,80.2,63.4
"55063",23,71.2,66.6
"55065",24.3,69,68.3
"55067",20.3,76.7,63.3
"55069",20.8,76.2,64.1
"55071",19.9,82.5,63.9
"55073",21.7,76.1,65.6
"55075",21.3,73.7,64.3
"55077",22.4,76.1,66.8
"55078",21.6,75,65.2
"55079",22.3,76.1,66.6
"55081",22.8,72.1,66.5
"55083",20.3,76.7,63.3
"55085",20.4,76.6,63.5
"55087",21.7,74.7,65.3
"55089",21.3,79.7,65.7
"55091",25,57.7,66.5
"55093",25,57.7,66.5
"55095",24.4,56,65.1
"55097",21.7,76.1,65.6
"55099",20.6,75.2,63.5
"55101",24.1,67,67.4
"55103",23.3,72.6,67.5
"55105",24.1,69.6,68.1
"55107",21.8,73.5,65.1
"55109",24.1,58.3,65.2
"55111",23.3,72.6,67.5
"55113",21.4,73.9,64.6
"55115",22.1,73.5,65.7
"55117",20.7,80.9,65
"55119",22,73.2,65.4
"55121",23.8,66.6,66.8
"55123",23.9,69.7,67.8
"55125",20.2,76.1,63
"55127",24.1,67,67.4
"55129",21.4,73.9,64.6
"55131",23.2,69.6,66.6
"55133",24,67,67.3
"55135",21.9,77.7,66.3
"55137",22.2,76.7,66.6
"55139",22,75.9,66
"55141",22.5,75.2,66.7
"56001",17.5,42.6,51.1
"56003",17.6,43.4,51.5
"56005",28.2,30.3,62.7
"56007",23.8,26.5,55.4
"56009",25.5,34.6,60.5
"56011",26.4,34.6,61.8
"56013",25.6,28.5,58.5
"56015",26.2,39.4,63.1
"56017",19.7,35.8,52.6
"56019",16,44.4,49.3
"56021",23.8,42.7,60.5
"56023",20,34.3,52.7
"56025",24.8,32.7,58.9
"56027",27.3,37,63.9
"56029",16.3,43.5,49.5
"56031",26.3,39.3,63.2
"56033",26.6,32.8,61.4
"56035",16.7,41.2,49.6
"56037",23.7,26.1,55.2
"56039",19.4,43,54
"56041",22.6,31.5,55.5
"56043",24.8,30.8,58.3
"56045",26.9,37.4,63.4
"60010",NA,NA,NA
"60020",NA,NA,NA
"60030",NA,NA,NA
"60040",NA,NA,NA
"60050",NA,NA,NA
"66010",NA,NA,NA
"69085",NA,NA,NA
"69100",NA,NA,NA
"69110",NA,NA,NA
"69120",NA,NA,NA
"72001",24.6,76.2,70.6
"72003",27.7,73.2,75.1
"72005",27.7,82.8,77.6
"72007",27.5,75,75.2
"72009",24.4,77.3,70.5
"72011",27.7,73.2,75.1
"72013",27.7,82.9,77.6
"72015",24.4,77.3,70.5
"72017",27.5,75,75.2
"72019",27.5,75,75.2
"72021",27.5,75,75.2
"72023",27.8,80.7,77.2
"72025",25.9,78.4,73.3
"72027",25.6,73.4,71.6
"72029",27.6,83,77.5
"72031",27.6,83,77.5
"72033",27.6,83,77.5
"72035",24.4,77.3,70.5
"72037",27.5,81.9,77
"72039",24.6,76.2,70.6
"72041",27.5,75,75.2
"72043",24.4,77.3,70.5
"72045",27.5,75,75.2
"72047",27.5,75,75.2
"72049",27.5,83.1,77.3
"72051",27.6,83,77.5
"72053",27.5,81.9,77
"72054",27.5,75,75.2
"72055",27.8,80.7,77.2
"72057",24.4,77.3,70.5
"72059",26.5,72.5,72.9
"72061",27.5,75,75.2
"72063",25.9,78.4,73.3
"72065",25.6,73.4,71.6
"72067",25.6,73.4,71.6
"72069",27.5,81.9,77
"72071",27.7,82.8,77.6
"72073",24.6,76.2,70.6
"72075",27.7,82.1,77.4
"72077",25.9,78.4,73.3
"72079",27.8,80.7,77.2
"72081",25.6,73.4,71.6
"72083",25.6,73.4,71.6
"72085",25.9,78.4,73.3
"72087",27.6,83,77.5
"72089",27.5,81.9,77
"72091",27.5,75,75.2
"72093",25.6,73.4,71.6
"72095",27.5,81.9,77
"72097",27.8,80.8,77.2
"72099",27.7,82.8,77.6
"72101",27.5,75,75.2
"72103",27.5,81.9,77
"72105",27.5,75,75.2
"72107",24.4,77.3,70.5
"72109",24.4,77.3,70.5
"72111",26.5,72.5,72.9
"72113",26.5,72.5,72.9
"72115",27.7,82.8,77.6
"72117",27.7,73.2,75.1
"72119",27.6,83,77.5
"72121",25.6,73.4,71.6
"72123",24.4,77.3,70.5
"72125",25.6,73.4,71.6
"72127",27.6,83,77.5
"72129",25.9,78.4,73.3
"72131",25.6,73.4,71.6
"72133",24.4,77.3,70.5
"72135",27.5,75,75.2
"72137",27.6,83,77.5
"72139",27.6,83,77.5
"72141",24.6,76.2,70.6
"72143",27.5,75,75.2
"72145",27.5,75,75.2
"72147",27.5,83.1,77.3
"72149",24.4,77.3,70.5
"72151",27.5,81.9,77
"72153",25.6,73.4,71.6
"78010",27.5,84,77.5
"78020",27.4,84,77.4
"78030",27.4,84,77.4
